battle,clan,start_date,end_date
1,#VQCQQJP,2021-10-11,2022-06-05
1,#2CQQVQCU,2021-10-11,2022-06-05
1,#L0QPV,2021-10-11,2022-06-05
1,#9G2PVP0R,2021-10-11,2022-06-05
1,#QCJ0J9UP,2021-10-11,2022-06-05
1,#P0LLG9RG,2021-10-11,2022-06-05
2,#L0YJ02YL,2020-01-31,2020-03-05
2,#PJY9PP98,2020-01-31,2020-03-05
2,#L0QPV,2020-01-31,2020-03-05
3,#QCJ0J9UP,2020-10-18,2021-10-04
3,#8YLJ8UL2,2020-10-18,2021-10-04
4,#P0LLG9RG,2020-12-26,2021-01-10
4,#8VUVGPVC,2020-12-26,2021-01-10
4,#PPCLCJG9,2020-12-26,2021-01-10
4,#L0QPV,2020-12-26,2021-01-10
4,#PJY9PP98,2020-12-26,2021-01-10
4,#8YLJ8UL2,2020-12-26,2021-01-10
4,#9G2PVP0R,2020-12-26,2021-01-10
4,#8YQ9LPPV,2020-12-26,2021-01-10
4,#VQCQQJP,2020-12-26,2021-01-10
4,#8LGRYC,2020-12-26,2021-01-10
5,#PJY9PP98,2019-01-09,2019-07-02
5,#QCJ0J9UP,2019-01-09,2019-07-02
5,#28V2QQ9C,2019-01-09,2019-07-02
5,#8YQ9LPPV,2019-01-09,2019-07-02
6,#QCJ0J9UP,2020-07-26,2020-08-05
6,#L0QPV,2020-07-26,2020-08-05
6,#8VUVGPVC,2020-07-26,2020-08-05
6,#9QY9JG09,2020-07-26,2020-08-05
6,#L0YJ02YL,2020-07-26,2020-08-05
6,#PPCLCJG9,2020-07-26,2020-08-05
7,#8VUVGPVC,2020-01-15,2020-09-05
7,#L0QPV,2020-01-15,2020-09-05
8,#8YLJ8UL2,2020-11-15,2021-07-10
8,#L0QPV,2020-11-15,2021-07-10
8,#9QY9JG09,2020-11-15,2021-07-10
8,#PPCLCJG9,2020-11-15,2021-07-10
8,#PJY9PP98,2020-11-15,2021-07-10
8,#2CQQVQCU,2020-11-15,2021-07-10
9,#9LP9VCJ8,2019-08-26,2020-09-03
9,#VQCQQJP,2019-08-26,2020-09-03
10,#9QY9JG09,2021-09-09,2022-07-19
10,#L0QPV,2021-09-09,2022-07-19
10,#8VUVGPVC,2021-09-09,2022-07-19
10,#9GUCJRL0,2021-09-09,2022-07-19
10,#2CQQVQCU,2021-09-09,2022-07-19
11,#L0QPV,2021-08-12,2022-09-11
11,#Y0QR0Y2U,2021-08-12,2022-09-11
11,#28V2QQ9C,2021-08-12,2022-09-11
12,#PV2G9U2L,2018-11-14,2019-02-21
12,#PJY9PP98,2018-11-14,2019-02-21
12,#QCJ0J9UP,2018-11-14,2019-02-21
12,#8LGRYC,2018-11-14,2019-02-21
12,#P0LLG9RG,2018-11-14,2019-02-21
12,#2CQQVQCU,2018-11-14,2019-02-21
12,#L0QPV,2018-11-14,2019-02-21
13,#P0LLG9RG,2021-08-24,2021-12-31
13,#PJY9PP98,2021-08-24,2021-12-31
14,#8LGRYC,2020-05-02,2021-02-14
14,#9LP9VCJ8,2020-05-02,2021-02-14
14,#PV2G9U2L,2020-05-02,2021-02-14
14,#P0LLG9RG,2020-05-02,2021-02-14
14,#PJY9PP98,2020-05-02,2021-02-14
14,#8YQ9LPPV,2020-05-02,2021-02-14
15,#PJY9PP98,2020-07-06,2021-01-12
15,#L0QPV,2020-07-06,2021-01-12
15,#28V2QQ9C,2020-07-06,2021-01-12
16,#8VUVGPVC,2021-07-31,2021-12-21
16,#L0QPV,2021-07-31,2021-12-21
16,#9QY9JG09,2021-07-31,2021-12-21
17,#P0LLG9RG,2020-11-09,2021-06-01
17,#PPCLCJG9,2020-11-09,2021-06-01
17,#PJY9PP98,2020-11-09,2021-06-01
18,#9G2PVP0R,2019-02-15,2019-05-23
18,#8YLJ8UL2,2019-02-15,2019-05-23
18,#9QY9JG09,2019-02-15,2019-05-23
18,#8LGRYC,2019-02-15,2019-05-23
18,#9CCJ2R02,2019-02-15,2019-05-23
18,#2CQQVQCU,2019-02-15,2019-05-23
18,#8YQ9LPPV,2019-02-15,2019-05-23
20,#8VUVGPVC,2021-06-05,2021-08-11
20,#Y0QR0Y2U,2021-06-05,2021-08-11
20,#PJY9PP98,2021-06-05,2021-08-11
20,#L0YJ02YL,2021-06-05,2021-08-11
20,#9CCJ2R02,2021-06-05,2021-08-11
21,#QCJ0J9UP,2021-03-27,2021-05-08
21,#2CQQVQCU,2021-03-27,2021-05-08
21,#PJY9PP98,2021-03-27,2021-05-08
21,#L0YJ02YL,2021-03-27,2021-05-08
21,#L0QPV,2021-03-27,2021-05-08
22,#9G2PVP0R,2019-05-15,2020-05-31
22,#PJY9PP98,2019-05-15,2020-05-31
22,#VQCQQJP,2019-05-15,2020-05-31
22,#9GUCJRL0,2019-05-15,2020-05-31
23,#9QY9JG09,2020-05-22,2021-03-16
23,#9LP9VCJ8,2020-05-22,2021-03-16
23,#8YLJ8UL2,2020-05-22,2021-03-16
23,#VQCQQJP,2020-05-22,2021-03-16
23,#28V2QQ9C,2020-05-22,2021-03-16
23,#Y0QR0Y2U,2020-05-22,2021-03-16
24,#8YLJ8UL2,2019-06-18,2020-06-05
24,#QCJ0J9UP,2019-06-18,2020-06-05
24,#9LP9VCJ8,2019-06-18,2020-06-05
24,#8YQ9LPPV,2019-06-18,2020-06-05
24,#9GUCJRL0,2019-06-18,2020-06-05
24,#L0YJ02YL,2019-06-18,2020-06-05
24,#8LGRYC,2019-06-18,2020-06-05
25,#9QY9JG09,2019-04-22,2019-07-10
25,#8LGRYC,2019-04-22,2019-07-10
25,#L0YJ02YL,2019-04-22,2019-07-10
25,#9CCJ2R02,2019-04-22,2019-07-10
25,#PPCLCJG9,2019-04-22,2019-07-10
26,#2CQQVQCU,2020-12-25,2021-05-08
26,#Y0QR0Y2U,2020-12-25,2021-05-08
26,#P0LLG9RG,2020-12-25,2021-05-08
26,#28V2QQ9C,2020-12-25,2021-05-08
26,#8LGRYC,2020-12-25,2021-05-08
28,#Y0QR0Y2U,2020-08-18,2021-02-17
28,#8YLJ8UL2,2020-08-18,2021-02-17
28,#PV2G9U2L,2020-08-18,2021-02-17
29,#9QY9JG09,2021-02-06,2021-08-05
29,#PJY9PP98,2021-02-06,2021-08-05
29,#28V2QQ9C,2021-02-06,2021-08-05
29,#8YLJ8UL2,2021-02-06,2021-08-05
29,#8LGRYC,2021-02-06,2021-08-05
29,#L0YJ02YL,2021-02-06,2021-08-05
29,#PPCLCJG9,2021-02-06,2021-08-05
29,#9GUCJRL0,2021-02-06,2021-08-05
29,#P0LLG9RG,2021-02-06,2021-08-05
29,#Y0QR0Y2U,2021-02-06,2021-08-05
30,#P0LLG9RG,2018-12-29,2019-08-12
30,#9QY9JG09,2018-12-29,2019-08-12
30,#PJY9PP98,2018-12-29,2019-08-12
31,#Y0QR0Y2U,2020-06-26,2021-07-26
31,#PV2G9U2L,2020-06-26,2021-07-26
31,#8YQ9LPPV,2020-06-26,2021-07-26
32,#PPCLCJG9,2021-10-02,2021-12-14
32,#9CCJ2R02,2021-10-02,2021-12-14
32,#QCJ0J9UP,2021-10-02,2021-12-14
32,#8LGRYC,2021-10-02,2021-12-14
32,#8VUVGPVC,2021-10-02,2021-12-14
33,#L0YJ02YL,2019-12-02,2020-05-26
33,#8VUVGPVC,2019-12-02,2020-05-26
33,#VQCQQJP,2019-12-02,2020-05-26
33,#8YQ9LPPV,2019-12-02,2020-05-26
33,#9G2PVP0R,2019-12-02,2020-05-26
33,#9QY9JG09,2019-12-02,2020-05-26
34,#8YLJ8UL2,2018-12-24,2019-09-10
34,#VQCQQJP,2018-12-24,2019-09-10
34,#PPCLCJG9,2018-12-24,2019-09-10
36,#PJY9PP98,2021-08-14,2022-07-28
36,#8YLJ8UL2,2021-08-14,2022-07-28
37,#VQCQQJP,2019-04-04,2019-04-17
37,#8YQ9LPPV,2019-04-04,2019-04-17
37,#P0LLG9RG,2019-04-04,2019-04-17
37,#2CQQVQCU,2019-04-04,2019-04-17
38,#L0QPV,2019-05-03,2020-01-15
38,#8VUVGPVC,2019-05-03,2020-01-15
38,#2CQQVQCU,2019-05-03,2020-01-15
39,#2CQQVQCU,2020-10-08,2021-08-31
39,#Y0QR0Y2U,2020-10-08,2021-08-31
39,#L0QPV,2020-10-08,2021-08-31
39,#8VUVGPVC,2020-10-08,2021-08-31
40,#28V2QQ9C,2019-01-12,2019-06-04
40,#QCJ0J9UP,2019-01-12,2019-06-04
40,#Y0QR0Y2U,2019-01-12,2019-06-04
40,#8YQ9LPPV,2019-01-12,2019-06-04
41,#9QY9JG09,2021-07-09,2021-08-14
41,#PV2G9U2L,2021-07-09,2021-08-14
42,#9CCJ2R02,2019-01-02,2019-06-10
42,#Y0QR0Y2U,2019-01-02,2019-06-10
42,#QCJ0J9UP,2019-01-02,2019-06-10
42,#PV2G9U2L,2019-01-02,2019-06-10
42,#9GUCJRL0,2019-01-02,2019-06-10
42,#8LGRYC,2019-01-02,2019-06-10
42,#9LP9VCJ8,2019-01-02,2019-06-10
42,#L0YJ02YL,2019-01-02,2019-06-10
42,#8YLJ8UL2,2019-01-02,2019-06-10
43,#28V2QQ9C,2020-01-02,2020-06-01
43,#9G2PVP0R,2020-01-02,2020-06-01
43,#L0YJ02YL,2020-01-02,2020-06-01
44,#9G2PVP0R,2020-02-25,2020-04-19
44,#9QY9JG09,2020-02-25,2020-04-19
44,#8LGRYC,2020-02-25,2020-04-19
44,#8VUVGPVC,2020-02-25,2020-04-19
44,#PV2G9U2L,2020-02-25,2020-04-19
45,#P0LLG9RG,2021-04-08,2021-07-08
45,#PJY9PP98,2021-04-08,2021-07-08
45,#8LGRYC,2021-04-08,2021-07-08
45,#2CQQVQCU,2021-04-08,2021-07-08
45,#PPCLCJG9,2021-04-08,2021-07-08
46,#L0YJ02YL,2019-11-11,2020-03-05
46,#8VUVGPVC,2019-11-11,2020-03-05
46,#L0QPV,2019-11-11,2020-03-05
46,#P0LLG9RG,2019-11-11,2020-03-05
47,#PPCLCJG9,2021-07-10,2022-07-18
47,#8LGRYC,2021-07-10,2022-07-18
47,#9LP9VCJ8,2021-07-10,2022-07-18
47,#9QY9JG09,2021-07-10,2022-07-18
47,#8VUVGPVC,2021-07-10,2022-07-18
47,#8YLJ8UL2,2021-07-10,2022-07-18
47,#9CCJ2R02,2021-07-10,2022-07-18
48,#2CQQVQCU,2020-06-04,2020-07-11
48,#9CCJ2R02,2020-06-04,2020-07-11
48,#PPCLCJG9,2020-06-04,2020-07-11
48,#9GUCJRL0,2020-06-04,2020-07-11
49,#8LGRYC,2019-11-22,2020-06-01
49,#L0YJ02YL,2019-11-22,2020-06-01
49,#PPCLCJG9,2019-11-22,2020-06-01
50,#L0YJ02YL,2021-03-16,2022-03-01
50,#VQCQQJP,2021-03-16,2022-03-01
50,#9LP9VCJ8,2021-03-16,2022-03-01
51,#28V2QQ9C,2021-10-09,2022-10-30
51,#PPCLCJG9,2021-10-09,2022-10-30
51,#9LP9VCJ8,2021-10-09,2022-10-30
51,#9G2PVP0R,2021-10-09,2022-10-30
51,#9QY9JG09,2021-10-09,2022-10-30
51,#9CCJ2R02,2021-10-09,2022-10-30
51,#8YQ9LPPV,2021-10-09,2022-10-30
51,#2CQQVQCU,2021-10-09,2022-10-30
51,#9GUCJRL0,2021-10-09,2022-10-30
52,#8LGRYC,2021-08-07,2022-06-30
52,#9CCJ2R02,2021-08-07,2022-06-30
52,#9QY9JG09,2021-08-07,2022-06-30
53,#2CQQVQCU,2019-01-25,2019-05-05
53,#9LP9VCJ8,2019-01-25,2019-05-05
53,#9G2PVP0R,2019-01-25,2019-05-05
53,#9CCJ2R02,2019-01-25,2019-05-05
53,#8LGRYC,2019-01-25,2019-05-05
53,#P0LLG9RG,2019-01-25,2019-05-05
54,#28V2QQ9C,2021-05-25,2022-03-30
54,#8LGRYC,2021-05-25,2022-03-30
54,#PPCLCJG9,2021-05-25,2022-03-30
54,#QCJ0J9UP,2021-05-25,2022-03-30
54,#9QY9JG09,2021-05-25,2022-03-30
55,#PJY9PP98,2021-09-15,2022-08-05
55,#PV2G9U2L,2021-09-15,2022-08-05
55,#9QY9JG09,2021-09-15,2022-08-05
55,#8VUVGPVC,2021-09-15,2022-08-05
55,#8YQ9LPPV,2021-09-15,2022-08-05
56,#8YQ9LPPV,2019-12-24,2020-10-23
56,#PPCLCJG9,2019-12-24,2020-10-23
56,#L0QPV,2019-12-24,2020-10-23
56,#9G2PVP0R,2019-12-24,2020-10-23
57,#L0YJ02YL,2020-05-21,2020-09-28
57,#8YLJ8UL2,2020-05-21,2020-09-28
58,#VQCQQJP,2019-11-10,2020-01-23
58,#9CCJ2R02,2019-11-10,2020-01-23
58,#8YLJ8UL2,2019-11-10,2020-01-23
58,#Y0QR0Y2U,2019-11-10,2020-01-23
58,#9GUCJRL0,2019-11-10,2020-01-23
59,#Y0QR0Y2U,2019-09-22,2020-04-30
59,#L0YJ02YL,2019-09-22,2020-04-30
59,#2CQQVQCU,2019-09-22,2020-04-30
59,#9GUCJRL0,2019-09-22,2020-04-30
59,#8YLJ8UL2,2019-09-22,2020-04-30
60,#9LP9VCJ8,2019-05-19,2020-04-11
60,#PPCLCJG9,2019-05-19,2020-04-11
60,#8VUVGPVC,2019-05-19,2020-04-11
60,#2CQQVQCU,2019-05-19,2020-04-11
61,#8YLJ8UL2,2021-04-23,2021-06-10
61,#8YQ9LPPV,2021-04-23,2021-06-10
61,#9QY9JG09,2021-04-23,2021-06-10
61,#9GUCJRL0,2021-04-23,2021-06-10
61,#PPCLCJG9,2021-04-23,2021-06-10
62,#L0QPV,2021-03-20,2021-05-01
62,#9GUCJRL0,2021-03-20,2021-05-01
62,#2CQQVQCU,2021-03-20,2021-05-01
62,#L0YJ02YL,2021-03-20,2021-05-01
62,#PV2G9U2L,2021-03-20,2021-05-01
63,#9GUCJRL0,2020-04-03,2021-04-08
63,#L0YJ02YL,2020-04-03,2021-04-08
63,#PPCLCJG9,2020-04-03,2021-04-08
63,#9G2PVP0R,2020-04-03,2021-04-08
63,#9LP9VCJ8,2020-04-03,2021-04-08
64,#Y0QR0Y2U,2020-03-22,2020-10-27
64,#8VUVGPVC,2020-03-22,2020-10-27
64,#L0YJ02YL,2020-03-22,2020-10-27
64,#8LGRYC,2020-03-22,2020-10-27
64,#9GUCJRL0,2020-03-22,2020-10-27
65,#8YQ9LPPV,2020-01-31,2020-05-01
65,#VQCQQJP,2020-01-31,2020-05-01
65,#PV2G9U2L,2020-01-31,2020-05-01
65,#L0QPV,2020-01-31,2020-05-01
66,#PV2G9U2L,2020-06-15,2021-02-01
66,#2CQQVQCU,2020-06-15,2021-02-01
66,#9QY9JG09,2020-06-15,2021-02-01
66,#9GUCJRL0,2020-06-15,2021-02-01
67,#9G2PVP0R,2021-03-29,2022-03-19
67,#9CCJ2R02,2021-03-29,2022-03-19
67,#PV2G9U2L,2021-03-29,2022-03-19
67,#9GUCJRL0,2021-03-29,2022-03-19
67,#PJY9PP98,2021-03-29,2022-03-19
67,#8YQ9LPPV,2021-03-29,2022-03-19
67,#9LP9VCJ8,2021-03-29,2022-03-19
67,#2CQQVQCU,2021-03-29,2022-03-19
68,#9CCJ2R02,2019-03-16,2020-03-14
68,#9LP9VCJ8,2019-03-16,2020-03-14
68,#Y0QR0Y2U,2019-03-16,2020-03-14
68,#28V2QQ9C,2019-03-16,2020-03-14
69,#9QY9JG09,2019-01-28,2019-03-17
69,#8YLJ8UL2,2019-01-28,2019-03-17
69,#L0QPV,2019-01-28,2019-03-17
70,#9QY9JG09,2021-06-07,2021-06-25
70,#Y0QR0Y2U,2021-06-07,2021-06-25
70,#28V2QQ9C,2021-06-07,2021-06-25
70,#PV2G9U2L,2021-06-07,2021-06-25
70,#8YQ9LPPV,2021-06-07,2021-06-25
71,#PV2G9U2L,2020-03-11,2021-01-08
71,#Y0QR0Y2U,2020-03-11,2021-01-08
71,#8LGRYC,2020-03-11,2021-01-08
71,#9QY9JG09,2020-03-11,2021-01-08
71,#P0LLG9RG,2020-03-11,2021-01-08
71,#9GUCJRL0,2020-03-11,2021-01-08
72,#9CCJ2R02,2020-05-07,2020-11-16
72,#QCJ0J9UP,2020-05-07,2020-11-16
72,#VQCQQJP,2020-05-07,2020-11-16
72,#PPCLCJG9,2020-05-07,2020-11-16
72,#2CQQVQCU,2020-05-07,2020-11-16
73,#8LGRYC,2021-05-23,2022-05-30
73,#PPCLCJG9,2021-05-23,2022-05-30
73,#9GUCJRL0,2021-05-23,2022-05-30
73,#VQCQQJP,2021-05-23,2022-05-30
74,#VQCQQJP,2019-12-21,2020-01-07
74,#8VUVGPVC,2019-12-21,2020-01-07
74,#28V2QQ9C,2019-12-21,2020-01-07
74,#QCJ0J9UP,2019-12-21,2020-01-07
74,#Y0QR0Y2U,2019-12-21,2020-01-07
75,#8YQ9LPPV,2019-10-27,2020-09-17
75,#L0YJ02YL,2019-10-27,2020-09-17
76,#9QY9JG09,2019-05-14,2019-05-27
76,#P0LLG9RG,2019-05-14,2019-05-27
77,#P0LLG9RG,2021-03-08,2021-08-25
77,#8VUVGPVC,2021-03-08,2021-08-25
77,#2CQQVQCU,2021-03-08,2021-08-25
77,#9LP9VCJ8,2021-03-08,2021-08-25
78,#9QY9JG09,2019-02-11,2019-04-05
78,#9G2PVP0R,2019-02-11,2019-04-05
78,#P0LLG9RG,2019-02-11,2019-04-05
79,#VQCQQJP,2019-08-13,2020-05-10
79,#8YLJ8UL2,2019-08-13,2020-05-10
79,#8YQ9LPPV,2019-08-13,2020-05-10
80,#QCJ0J9UP,2020-09-11,2020-09-21
80,#9G2PVP0R,2020-09-11,2020-09-21
80,#9LP9VCJ8,2020-09-11,2020-09-21
80,#VQCQQJP,2020-09-11,2020-09-21
81,#9CCJ2R02,2021-10-23,2022-11-16
81,#Y0QR0Y2U,2021-10-23,2022-11-16
81,#PV2G9U2L,2021-10-23,2022-11-16
81,#8YQ9LPPV,2021-10-23,2022-11-16
81,#P0LLG9RG,2021-10-23,2022-11-16
82,#L0YJ02YL,2019-06-30,2020-01-25
82,#2CQQVQCU,2019-06-30,2020-01-25
83,#9LP9VCJ8,2020-01-14,2020-08-03
83,#28V2QQ9C,2020-01-14,2020-08-03
83,#Y0QR0Y2U,2020-01-14,2020-08-03
83,#L0QPV,2020-01-14,2020-08-03
83,#8YLJ8UL2,2020-01-14,2020-08-03
84,#9LP9VCJ8,2019-12-07,2020-01-30
84,#Y0QR0Y2U,2019-12-07,2020-01-30
84,#P0LLG9RG,2019-12-07,2020-01-30
84,#9QY9JG09,2019-12-07,2020-01-30
84,#9CCJ2R02,2019-12-07,2020-01-30
85,#L0QPV,2019-02-06,2019-11-27
85,#PJY9PP98,2019-02-06,2019-11-27
85,#8VUVGPVC,2019-02-06,2019-11-27
85,#Y0QR0Y2U,2019-02-06,2019-11-27
85,#VQCQQJP,2019-02-06,2019-11-27
86,#VQCQQJP,2020-06-11,2021-05-09
86,#QCJ0J9UP,2020-06-11,2021-05-09
86,#Y0QR0Y2U,2020-06-11,2021-05-09
86,#PPCLCJG9,2020-06-11,2021-05-09
87,#8YQ9LPPV,2021-09-06,2022-06-30
87,#PV2G9U2L,2021-09-06,2022-06-30
87,#9CCJ2R02,2021-09-06,2022-06-30
87,#8VUVGPVC,2021-09-06,2022-06-30
87,#PJY9PP98,2021-09-06,2022-06-30
87,#8LGRYC,2021-09-06,2022-06-30
88,#P0LLG9RG,2020-12-06,2021-07-30
88,#QCJ0J9UP,2020-12-06,2021-07-30
88,#8YLJ8UL2,2020-12-06,2021-07-30
88,#PPCLCJG9,2020-12-06,2021-07-30
88,#8VUVGPVC,2020-12-06,2021-07-30
88,#2CQQVQCU,2020-12-06,2021-07-30
88,#Y0QR0Y2U,2020-12-06,2021-07-30
89,#P0LLG9RG,2019-02-03,2019-08-28
89,#9LP9VCJ8,2019-02-03,2019-08-28
89,#9G2PVP0R,2019-02-03,2019-08-28
89,#8VUVGPVC,2019-02-03,2019-08-28
90,#8VUVGPVC,2021-10-28,2022-03-14
90,#P0LLG9RG,2021-10-28,2022-03-14
90,#9CCJ2R02,2021-10-28,2022-03-14
91,#PV2G9U2L,2019-07-20,2020-07-28
91,#9G2PVP0R,2019-07-20,2020-07-28
91,#9CCJ2R02,2019-07-20,2020-07-28
91,#8LGRYC,2019-07-20,2020-07-28
91,#8VUVGPVC,2019-07-20,2020-07-28
92,#VQCQQJP,2021-03-06,2021-07-14
92,#L0QPV,2021-03-06,2021-07-14
92,#2CQQVQCU,2021-03-06,2021-07-14
92,#Y0QR0Y2U,2021-03-06,2021-07-14
93,#QCJ0J9UP,2021-03-14,2021-09-30
93,#2CQQVQCU,2021-03-14,2021-09-30
93,#Y0QR0Y2U,2021-03-14,2021-09-30
93,#PPCLCJG9,2021-03-14,2021-09-30
93,#8YQ9LPPV,2021-03-14,2021-09-30
93,#PJY9PP98,2021-03-14,2021-09-30
94,#9LP9VCJ8,2018-12-27,2019-09-12
94,#2CQQVQCU,2018-12-27,2019-09-12
94,#8VUVGPVC,2018-12-27,2019-09-12
94,#9QY9JG09,2018-12-27,2019-09-12
94,#L0YJ02YL,2018-12-27,2019-09-12
94,#P0LLG9RG,2018-12-27,2019-09-12
95,#28V2QQ9C,2021-01-07,2021-06-03
95,#L0YJ02YL,2021-01-07,2021-06-03
95,#QCJ0J9UP,2021-01-07,2021-06-03
96,#9LP9VCJ8,2019-11-23,2020-05-18
96,#9QY9JG09,2019-11-23,2020-05-18
96,#8VUVGPVC,2019-11-23,2020-05-18
97,#VQCQQJP,2019-09-04,2019-12-27
97,#9LP9VCJ8,2019-09-04,2019-12-27
97,#9GUCJRL0,2019-09-04,2019-12-27
97,#8YLJ8UL2,2019-09-04,2019-12-27
97,#QCJ0J9UP,2019-09-04,2019-12-27
98,#L0QPV,2020-12-14,2022-01-06
98,#L0YJ02YL,2020-12-14,2022-01-06
98,#28V2QQ9C,2020-12-14,2022-01-06
98,#PPCLCJG9,2020-12-14,2022-01-06
98,#9LP9VCJ8,2020-12-14,2022-01-06
99,#PV2G9U2L,2020-10-09,2021-04-08
99,#9G2PVP0R,2020-10-09,2021-04-08
99,#9LP9VCJ8,2020-10-09,2021-04-08
100,#QCJ0J9UP,2020-04-22,2020-04-30
100,#PPCLCJG9,2020-04-22,2020-04-30
100,#PV2G9U2L,2020-04-22,2020-04-30
100,#8YQ9LPPV,2020-04-22,2020-04-30
101,#L0QPV,2021-01-22,2021-08-19
101,#PPCLCJG9,2021-01-22,2021-08-19
101,#8VUVGPVC,2021-01-22,2021-08-19
101,#QCJ0J9UP,2021-01-22,2021-08-19
101,#8YLJ8UL2,2021-01-22,2021-08-19
101,#VQCQQJP,2021-01-22,2021-08-19
101,#28V2QQ9C,2021-01-22,2021-08-19
101,#2CQQVQCU,2021-01-22,2021-08-19
102,#8YQ9LPPV,2019-02-01,2019-03-25
102,#Y0QR0Y2U,2019-02-01,2019-03-25
102,#L0QPV,2019-02-01,2019-03-25
102,#PJY9PP98,2019-02-01,2019-03-25
102,#VQCQQJP,2019-02-01,2019-03-25
102,#L0YJ02YL,2019-02-01,2019-03-25
102,#9CCJ2R02,2019-02-01,2019-03-25
103,#8LGRYC,2021-10-06,2021-11-03
103,#9QY9JG09,2021-10-06,2021-11-03
103,#8YQ9LPPV,2021-10-06,2021-11-03
103,#28V2QQ9C,2021-10-06,2021-11-03
103,#P0LLG9RG,2021-10-06,2021-11-03
104,#8YQ9LPPV,2021-07-03,2022-05-29
104,#8YLJ8UL2,2021-07-03,2022-05-29
104,#L0QPV,2021-07-03,2022-05-29
105,#VQCQQJP,2021-05-11,2021-08-25
105,#QCJ0J9UP,2021-05-11,2021-08-25
105,#9LP9VCJ8,2021-05-11,2021-08-25
105,#9GUCJRL0,2021-05-11,2021-08-25
106,#9QY9JG09,2020-02-09,2020-03-18
106,#9G2PVP0R,2020-02-09,2020-03-18
106,#9CCJ2R02,2020-02-09,2020-03-18
106,#P0LLG9RG,2020-02-09,2020-03-18
106,#Y0QR0Y2U,2020-02-09,2020-03-18
107,#L0YJ02YL,2020-09-07,2020-12-14
107,#9CCJ2R02,2020-09-07,2020-12-14
107,#8VUVGPVC,2020-09-07,2020-12-14
107,#Y0QR0Y2U,2020-09-07,2020-12-14
107,#VQCQQJP,2020-09-07,2020-12-14
108,#9QY9JG09,2021-08-26,2022-04-02
108,#PV2G9U2L,2021-08-26,2022-04-02
108,#2CQQVQCU,2021-08-26,2022-04-02
108,#P0LLG9RG,2021-08-26,2022-04-02
108,#9GUCJRL0,2021-08-26,2022-04-02
109,#L0QPV,2020-01-12,2021-02-06
109,#9GUCJRL0,2020-01-12,2021-02-06
109,#QCJ0J9UP,2020-01-12,2021-02-06
110,#PJY9PP98,2021-02-22,2021-08-16
110,#9QY9JG09,2021-02-22,2021-08-16
110,#9G2PVP0R,2021-02-22,2021-08-16
111,#8LGRYC,2019-04-25,2020-01-22
111,#9QY9JG09,2019-04-25,2020-01-22
111,#PPCLCJG9,2019-04-25,2020-01-22
111,#28V2QQ9C,2019-04-25,2020-01-22
111,#2CQQVQCU,2019-04-25,2020-01-22
111,#8YLJ8UL2,2019-04-25,2020-01-22
111,#8YQ9LPPV,2019-04-25,2020-01-22
111,#P0LLG9RG,2019-04-25,2020-01-22
111,#9GUCJRL0,2019-04-25,2020-01-22
112,#Y0QR0Y2U,2021-08-16,2022-08-15
112,#9GUCJRL0,2021-08-16,2022-08-15
112,#PV2G9U2L,2021-08-16,2022-08-15
112,#VQCQQJP,2021-08-16,2022-08-15
112,#QCJ0J9UP,2021-08-16,2022-08-15
114,#2CQQVQCU,2020-10-19,2021-04-06
114,#QCJ0J9UP,2020-10-19,2021-04-06
114,#8YLJ8UL2,2020-10-19,2021-04-06
114,#PV2G9U2L,2020-10-19,2021-04-06
114,#8YQ9LPPV,2020-10-19,2021-04-06
115,#PJY9PP98,2019-12-19,2020-01-24
115,#QCJ0J9UP,2019-12-19,2020-01-24
116,#Y0QR0Y2U,2021-05-25,2021-12-31
116,#8VUVGPVC,2021-05-25,2021-12-31
116,#QCJ0J9UP,2021-05-25,2021-12-31
116,#L0QPV,2021-05-25,2021-12-31
116,#9CCJ2R02,2021-05-25,2021-12-31
116,#P0LLG9RG,2021-05-25,2021-12-31
117,#Y0QR0Y2U,2019-05-01,2020-03-19
117,#8YQ9LPPV,2019-05-01,2020-03-19
117,#2CQQVQCU,2019-05-01,2020-03-19
117,#9QY9JG09,2019-05-01,2020-03-19
117,#QCJ0J9UP,2019-05-01,2020-03-19
118,#2CQQVQCU,2019-01-10,2019-04-15
118,#Y0QR0Y2U,2019-01-10,2019-04-15
118,#9CCJ2R02,2019-01-10,2019-04-15
118,#PPCLCJG9,2019-01-10,2019-04-15
119,#8YLJ8UL2,2020-05-24,2021-05-20
119,#Y0QR0Y2U,2020-05-24,2021-05-20
119,#QCJ0J9UP,2020-05-24,2021-05-20
119,#P0LLG9RG,2020-05-24,2021-05-20
119,#PPCLCJG9,2020-05-24,2021-05-20
119,#L0QPV,2020-05-24,2021-05-20
119,#9QY9JG09,2020-05-24,2021-05-20
119,#PJY9PP98,2020-05-24,2021-05-20
119,#9GUCJRL0,2020-05-24,2021-05-20
121,#8LGRYC,2020-07-01,2020-09-19
121,#8YQ9LPPV,2020-07-01,2020-09-19
122,#8YQ9LPPV,2020-02-09,2020-11-05
122,#28V2QQ9C,2020-02-09,2020-11-05
122,#PV2G9U2L,2020-02-09,2020-11-05
122,#9GUCJRL0,2020-02-09,2020-11-05
123,#2CQQVQCU,2019-09-08,2020-09-21
123,#28V2QQ9C,2019-09-08,2020-09-21
123,#8YLJ8UL2,2019-09-08,2020-09-21
123,#8YQ9LPPV,2019-09-08,2020-09-21
124,#9LP9VCJ8,2021-08-23,2021-12-14
124,#9QY9JG09,2021-08-23,2021-12-14
124,#PV2G9U2L,2021-08-23,2021-12-14
124,#8YQ9LPPV,2021-08-23,2021-12-14
125,#8LGRYC,2019-08-24,2020-05-30
125,#9CCJ2R02,2019-08-24,2020-05-30
125,#9G2PVP0R,2019-08-24,2020-05-30
125,#PV2G9U2L,2019-08-24,2020-05-30
125,#QCJ0J9UP,2019-08-24,2020-05-30
126,#VQCQQJP,2020-01-06,2020-10-03
126,#8YLJ8UL2,2020-01-06,2020-10-03
126,#9G2PVP0R,2020-01-06,2020-10-03
126,#8YQ9LPPV,2020-01-06,2020-10-03
127,#9CCJ2R02,2020-03-09,2020-05-18
127,#QCJ0J9UP,2020-03-09,2020-05-18
127,#9QY9JG09,2020-03-09,2020-05-18
127,#8YLJ8UL2,2020-03-09,2020-05-18
127,#VQCQQJP,2020-03-09,2020-05-18
127,#8VUVGPVC,2020-03-09,2020-05-18
128,#PJY9PP98,2021-01-10,2021-04-01
128,#9QY9JG09,2021-01-10,2021-04-01
128,#9G2PVP0R,2021-01-10,2021-04-01
128,#PV2G9U2L,2021-01-10,2021-04-01
129,#L0YJ02YL,2020-12-12,2021-01-11
129,#8LGRYC,2020-12-12,2021-01-11
129,#VQCQQJP,2020-12-12,2021-01-11
129,#QCJ0J9UP,2020-12-12,2021-01-11
129,#8YQ9LPPV,2020-12-12,2021-01-11
129,#P0LLG9RG,2020-12-12,2021-01-11
130,#L0QPV,2020-04-25,2020-07-23
130,#P0LLG9RG,2020-04-25,2020-07-23
130,#2CQQVQCU,2020-04-25,2020-07-23
130,#8LGRYC,2020-04-25,2020-07-23
131,#2CQQVQCU,2021-06-06,2022-04-27
131,#8YLJ8UL2,2021-06-06,2022-04-27
131,#9LP9VCJ8,2021-06-06,2022-04-27
131,#L0YJ02YL,2021-06-06,2022-04-27
132,#PJY9PP98,2019-06-06,2019-09-26
132,#9LP9VCJ8,2019-06-06,2019-09-26
132,#8YQ9LPPV,2019-06-06,2019-09-26
133,#PV2G9U2L,2020-04-30,2020-11-13
133,#8YLJ8UL2,2020-04-30,2020-11-13
133,#9CCJ2R02,2020-04-30,2020-11-13
134,#9LP9VCJ8,2018-12-20,2019-02-01
134,#L0YJ02YL,2018-12-20,2019-02-01
134,#2CQQVQCU,2018-12-20,2019-02-01
134,#28V2QQ9C,2018-12-20,2019-02-01
134,#P0LLG9RG,2018-12-20,2019-02-01
134,#8LGRYC,2018-12-20,2019-02-01
135,#9LP9VCJ8,2019-02-28,2020-02-17
135,#8YQ9LPPV,2019-02-28,2020-02-17
135,#8VUVGPVC,2019-02-28,2020-02-17
136,#9LP9VCJ8,2021-06-05,2022-03-14
136,#28V2QQ9C,2021-06-05,2022-03-14
136,#9GUCJRL0,2021-06-05,2022-03-14
136,#2CQQVQCU,2021-06-05,2022-03-14
137,#PV2G9U2L,2021-02-08,2021-12-14
137,#PPCLCJG9,2021-02-08,2021-12-14
137,#L0QPV,2021-02-08,2021-12-14
138,#9LP9VCJ8,2020-11-29,2021-11-22
138,#9G2PVP0R,2020-11-29,2021-11-22
138,#8YLJ8UL2,2020-11-29,2021-11-22
139,#9GUCJRL0,2018-12-11,2019-02-17
139,#L0QPV,2018-12-11,2019-02-17
139,#L0YJ02YL,2018-12-11,2019-02-17
139,#28V2QQ9C,2018-12-11,2019-02-17
139,#PPCLCJG9,2018-12-11,2019-02-17
139,#8YLJ8UL2,2018-12-11,2019-02-17
140,#L0QPV,2019-04-04,2019-12-17
140,#9CCJ2R02,2019-04-04,2019-12-17
140,#28V2QQ9C,2019-04-04,2019-12-17
140,#8LGRYC,2019-04-04,2019-12-17
140,#VQCQQJP,2019-04-04,2019-12-17
140,#PV2G9U2L,2019-04-04,2019-12-17
140,#9LP9VCJ8,2019-04-04,2019-12-17
141,#9LP9VCJ8,2019-11-25,2020-09-21
141,#PPCLCJG9,2019-11-25,2020-09-21
141,#9GUCJRL0,2019-11-25,2020-09-21
141,#QCJ0J9UP,2019-11-25,2020-09-21
141,#8VUVGPVC,2019-11-25,2020-09-21
141,#9CCJ2R02,2019-11-25,2020-09-21
142,#VQCQQJP,2020-06-11,2020-08-07
142,#8YQ9LPPV,2020-06-11,2020-08-07
142,#9LP9VCJ8,2020-06-11,2020-08-07
142,#PJY9PP98,2020-06-11,2020-08-07
142,#L0QPV,2020-06-11,2020-08-07
142,#9G2PVP0R,2020-06-11,2020-08-07
143,#8VUVGPVC,2021-10-13,2022-11-09
143,#PJY9PP98,2021-10-13,2022-11-09
143,#VQCQQJP,2021-10-13,2022-11-09
143,#9QY9JG09,2021-10-13,2022-11-09
144,#9CCJ2R02,2021-10-21,2021-12-04
144,#9QY9JG09,2021-10-21,2021-12-04
144,#L0QPV,2021-10-21,2021-12-04
144,#8YLJ8UL2,2021-10-21,2021-12-04
144,#PJY9PP98,2021-10-21,2021-12-04
144,#9G2PVP0R,2021-10-21,2021-12-04
145,#8YLJ8UL2,2020-02-06,2020-07-27
145,#9CCJ2R02,2020-02-06,2020-07-27
145,#PPCLCJG9,2020-02-06,2020-07-27
145,#9QY9JG09,2020-02-06,2020-07-27
146,#9GUCJRL0,2020-05-01,2020-11-30
146,#L0YJ02YL,2020-05-01,2020-11-30
146,#8LGRYC,2020-05-01,2020-11-30
146,#28V2QQ9C,2020-05-01,2020-11-30
146,#8VUVGPVC,2020-05-01,2020-11-30
146,#PJY9PP98,2020-05-01,2020-11-30
146,#PV2G9U2L,2020-05-01,2020-11-30
147,#VQCQQJP,2021-06-11,2022-06-07
147,#9LP9VCJ8,2021-06-11,2022-06-07
147,#9CCJ2R02,2021-06-11,2022-06-07
148,#L0YJ02YL,2021-07-26,2022-04-11
148,#P0LLG9RG,2021-07-26,2022-04-11
148,#9CCJ2R02,2021-07-26,2022-04-11
148,#2CQQVQCU,2021-07-26,2022-04-11
148,#PPCLCJG9,2021-07-26,2022-04-11
149,#Y0QR0Y2U,2019-11-08,2020-05-19
149,#VQCQQJP,2019-11-08,2020-05-19
150,#9G2PVP0R,2021-05-05,2022-05-19
150,#L0YJ02YL,2021-05-05,2022-05-19
150,#8YQ9LPPV,2021-05-05,2022-05-19
150,#VQCQQJP,2021-05-05,2022-05-19
150,#PJY9PP98,2021-05-05,2022-05-19
150,#9GUCJRL0,2021-05-05,2022-05-19
151,#Y0QR0Y2U,2021-05-10,2022-03-16
151,#9QY9JG09,2021-05-10,2022-03-16
152,#9CCJ2R02,2021-02-01,2021-05-27
152,#8YLJ8UL2,2021-02-01,2021-05-27
152,#PPCLCJG9,2021-02-01,2021-05-27
152,#28V2QQ9C,2021-02-01,2021-05-27
153,#8LGRYC,2019-01-19,2019-10-25
153,#L0QPV,2019-01-19,2019-10-25
153,#8VUVGPVC,2019-01-19,2019-10-25
153,#9LP9VCJ8,2019-01-19,2019-10-25
153,#PJY9PP98,2019-01-19,2019-10-25
154,#9GUCJRL0,2018-11-25,2019-07-03
154,#8LGRYC,2018-11-25,2019-07-03
154,#PJY9PP98,2018-11-25,2019-07-03
155,#9CCJ2R02,2019-05-18,2019-05-31
155,#9LP9VCJ8,2019-05-18,2019-05-31
156,#9LP9VCJ8,2021-11-01,2022-01-08
156,#L0YJ02YL,2021-11-01,2022-01-08
156,#8YQ9LPPV,2021-11-01,2022-01-08
156,#L0QPV,2021-11-01,2022-01-08
157,#VQCQQJP,2019-08-08,2019-12-31
157,#Y0QR0Y2U,2019-08-08,2019-12-31
157,#PJY9PP98,2019-08-08,2019-12-31
157,#8LGRYC,2019-08-08,2019-12-31
157,#8YLJ8UL2,2019-08-08,2019-12-31
157,#L0QPV,2019-08-08,2019-12-31
159,#28V2QQ9C,2021-09-04,2022-01-28
159,#L0QPV,2021-09-04,2022-01-28
159,#9GUCJRL0,2021-09-04,2022-01-28
159,#9G2PVP0R,2021-09-04,2022-01-28
159,#PJY9PP98,2021-09-04,2022-01-28
160,#PJY9PP98,2021-09-02,2022-10-02
160,#9LP9VCJ8,2021-09-02,2022-10-02
160,#8YLJ8UL2,2021-09-02,2022-10-02
160,#VQCQQJP,2021-09-02,2022-10-02
160,#9G2PVP0R,2021-09-02,2022-10-02
161,#8YQ9LPPV,2020-04-17,2021-04-27
161,#L0QPV,2020-04-17,2021-04-27
161,#QCJ0J9UP,2020-04-17,2021-04-27
161,#9G2PVP0R,2020-04-17,2021-04-27
161,#9GUCJRL0,2020-04-17,2021-04-27
162,#L0QPV,2020-08-05,2021-05-10
162,#9CCJ2R02,2020-08-05,2021-05-10
163,#8YLJ8UL2,2020-01-18,2021-01-13
163,#9G2PVP0R,2020-01-18,2021-01-13
164,#8LGRYC,2019-05-13,2019-07-01
164,#PPCLCJG9,2019-05-13,2019-07-01
164,#9G2PVP0R,2019-05-13,2019-07-01
164,#8YQ9LPPV,2019-05-13,2019-07-01
164,#L0YJ02YL,2019-05-13,2019-07-01
164,#8VUVGPVC,2019-05-13,2019-07-01
164,#9LP9VCJ8,2019-05-13,2019-07-01
164,#8YLJ8UL2,2019-05-13,2019-07-01
164,#P0LLG9RG,2019-05-13,2019-07-01
165,#9GUCJRL0,2019-04-23,2019-10-01
165,#Y0QR0Y2U,2019-04-23,2019-10-01
165,#9QY9JG09,2019-04-23,2019-10-01
166,#8YLJ8UL2,2018-11-25,2019-05-02
166,#8LGRYC,2018-11-25,2019-05-02
166,#PV2G9U2L,2018-11-25,2019-05-02
167,#8YQ9LPPV,2018-12-08,2019-02-19
167,#PPCLCJG9,2018-12-08,2019-02-19
167,#8LGRYC,2018-12-08,2019-02-19
167,#9QY9JG09,2018-12-08,2019-02-19
167,#VQCQQJP,2018-12-08,2019-02-19
167,#8YLJ8UL2,2018-12-08,2019-02-19
167,#L0YJ02YL,2018-12-08,2019-02-19
167,#28V2QQ9C,2018-12-08,2019-02-19
167,#Y0QR0Y2U,2018-12-08,2019-02-19
168,#9G2PVP0R,2021-10-29,2022-07-08
168,#9QY9JG09,2021-10-29,2022-07-08
168,#9CCJ2R02,2021-10-29,2022-07-08
168,#PV2G9U2L,2021-10-29,2022-07-08
168,#28V2QQ9C,2021-10-29,2022-07-08
169,#P0LLG9RG,2020-02-22,2021-01-13
169,#9GUCJRL0,2020-02-22,2021-01-13
169,#L0QPV,2020-02-22,2021-01-13
169,#8LGRYC,2020-02-22,2021-01-13
169,#QCJ0J9UP,2020-02-22,2021-01-13
169,#9QY9JG09,2020-02-22,2021-01-13
169,#8VUVGPVC,2020-02-22,2021-01-13
170,#PJY9PP98,2019-04-19,2019-09-13
170,#8LGRYC,2019-04-19,2019-09-13
170,#QCJ0J9UP,2019-04-19,2019-09-13
170,#9LP9VCJ8,2019-04-19,2019-09-13
170,#P0LLG9RG,2019-04-19,2019-09-13
171,#9QY9JG09,2019-04-01,2019-06-16
171,#L0YJ02YL,2019-04-01,2019-06-16
171,#PPCLCJG9,2019-04-01,2019-06-16
171,#9LP9VCJ8,2019-04-01,2019-06-16
171,#2CQQVQCU,2019-04-01,2019-06-16
171,#28V2QQ9C,2019-04-01,2019-06-16
172,#PJY9PP98,2020-09-11,2021-07-25
172,#9GUCJRL0,2020-09-11,2021-07-25
172,#8YQ9LPPV,2020-09-11,2021-07-25
173,#9GUCJRL0,2020-01-01,2020-05-26
173,#8YQ9LPPV,2020-01-01,2020-05-26
174,#9GUCJRL0,2020-08-03,2021-05-18
174,#28V2QQ9C,2020-08-03,2021-05-18
174,#PPCLCJG9,2020-08-03,2021-05-18
175,#L0YJ02YL,2019-01-24,2019-07-15
175,#PJY9PP98,2019-01-24,2019-07-15
175,#8YLJ8UL2,2019-01-24,2019-07-15
175,#2CQQVQCU,2019-01-24,2019-07-15
176,#PV2G9U2L,2019-04-22,2020-04-07
176,#Y0QR0Y2U,2019-04-22,2020-04-07
176,#PPCLCJG9,2019-04-22,2020-04-07
176,#8YQ9LPPV,2019-04-22,2020-04-07
176,#9GUCJRL0,2019-04-22,2020-04-07
177,#PV2G9U2L,2021-02-20,2022-01-22
177,#VQCQQJP,2021-02-20,2022-01-22
177,#9QY9JG09,2021-02-20,2022-01-22
177,#8YLJ8UL2,2021-02-20,2022-01-22
178,#9CCJ2R02,2020-07-31,2020-10-24
178,#PV2G9U2L,2020-07-31,2020-10-24
178,#PJY9PP98,2020-07-31,2020-10-24
178,#QCJ0J9UP,2020-07-31,2020-10-24
179,#8YLJ8UL2,2019-01-08,2019-04-30
179,#9CCJ2R02,2019-01-08,2019-04-30
179,#PPCLCJG9,2019-01-08,2019-04-30
179,#9G2PVP0R,2019-01-08,2019-04-30
179,#8YQ9LPPV,2019-01-08,2019-04-30
179,#2CQQVQCU,2019-01-08,2019-04-30
179,#8VUVGPVC,2019-01-08,2019-04-30
179,#8LGRYC,2019-01-08,2019-04-30
180,#8VUVGPVC,2020-08-28,2021-04-09
180,#L0YJ02YL,2020-08-28,2021-04-09
180,#P0LLG9RG,2020-08-28,2021-04-09
181,#9QY9JG09,2020-02-26,2021-01-22
181,#2CQQVQCU,2020-02-26,2021-01-22
181,#PJY9PP98,2020-02-26,2021-01-22
181,#28V2QQ9C,2020-02-26,2021-01-22
181,#8LGRYC,2020-02-26,2021-01-22
182,#PPCLCJG9,2021-08-22,2021-11-08
182,#8LGRYC,2021-08-22,2021-11-08
183,#L0QPV,2021-02-14,2021-11-23
183,#9G2PVP0R,2021-02-14,2021-11-23
183,#QCJ0J9UP,2021-02-14,2021-11-23
183,#8LGRYC,2021-02-14,2021-11-23
184,#QCJ0J9UP,2019-03-20,2020-01-14
184,#PPCLCJG9,2019-03-20,2020-01-14
185,#8YLJ8UL2,2019-06-07,2019-11-15
185,#9QY9JG09,2019-06-07,2019-11-15
186,#L0QPV,2020-08-23,2021-07-04
186,#P0LLG9RG,2020-08-23,2021-07-04
186,#PJY9PP98,2020-08-23,2021-07-04
186,#9CCJ2R02,2020-08-23,2021-07-04
186,#VQCQQJP,2020-08-23,2021-07-04
186,#L0YJ02YL,2020-08-23,2021-07-04
186,#QCJ0J9UP,2020-08-23,2021-07-04
187,#L0QPV,2019-02-26,2019-06-11
187,#9G2PVP0R,2019-02-26,2019-06-11
187,#VQCQQJP,2019-02-26,2019-06-11
188,#8LGRYC,2021-04-25,2022-03-09
188,#9GUCJRL0,2021-04-25,2022-03-09
188,#8VUVGPVC,2021-04-25,2022-03-09
188,#PJY9PP98,2021-04-25,2022-03-09
189,#9GUCJRL0,2021-02-07,2021-08-13
189,#28V2QQ9C,2021-02-07,2021-08-13
189,#P0LLG9RG,2021-02-07,2021-08-13
189,#PPCLCJG9,2021-02-07,2021-08-13
189,#QCJ0J9UP,2021-02-07,2021-08-13
190,#L0QPV,2020-07-30,2020-12-26
190,#PV2G9U2L,2020-07-30,2020-12-26
190,#VQCQQJP,2020-07-30,2020-12-26
190,#Y0QR0Y2U,2020-07-30,2020-12-26
191,#9QY9JG09,2019-08-04,2020-06-30
191,#8VUVGPVC,2019-08-04,2020-06-30
191,#9LP9VCJ8,2019-08-04,2020-06-30
191,#9GUCJRL0,2019-08-04,2020-06-30
191,#28V2QQ9C,2019-08-04,2020-06-30
192,#9G2PVP0R,2019-10-18,2020-07-01
192,#2CQQVQCU,2019-10-18,2020-07-01
192,#P0LLG9RG,2019-10-18,2020-07-01
192,#PJY9PP98,2019-10-18,2020-07-01
192,#9CCJ2R02,2019-10-18,2020-07-01
193,#9LP9VCJ8,2020-10-13,2021-04-24
193,#P0LLG9RG,2020-10-13,2021-04-24
193,#PJY9PP98,2020-10-13,2021-04-24
194,#L0YJ02YL,2021-04-14,2021-05-24
194,#PV2G9U2L,2021-04-14,2021-05-24
194,#8YQ9LPPV,2021-04-14,2021-05-24
195,#28V2QQ9C,2021-08-08,2022-02-17
195,#8LGRYC,2021-08-08,2022-02-17
195,#9GUCJRL0,2021-08-08,2022-02-17
195,#PV2G9U2L,2021-08-08,2022-02-17
195,#2CQQVQCU,2021-08-08,2022-02-17
196,#PPCLCJG9,2020-06-07,2021-05-03
196,#9LP9VCJ8,2020-06-07,2021-05-03
196,#L0QPV,2020-06-07,2021-05-03
197,#P0LLG9RG,2021-02-23,2021-11-05
197,#Y0QR0Y2U,2021-02-23,2021-11-05
197,#L0QPV,2021-02-23,2021-11-05
197,#PJY9PP98,2021-02-23,2021-11-05
197,#9LP9VCJ8,2021-02-23,2021-11-05
198,#L0QPV,2020-12-30,2021-09-08
198,#28V2QQ9C,2020-12-30,2021-09-08
198,#PV2G9U2L,2020-12-30,2021-09-08
199,#8LGRYC,2018-11-18,2019-07-15
199,#8VUVGPVC,2018-11-18,2019-07-15
199,#9LP9VCJ8,2018-11-18,2019-07-15
199,#L0QPV,2018-11-18,2019-07-15
200,#PV2G9U2L,2021-01-19,2021-10-10
200,#9GUCJRL0,2021-01-19,2021-10-10
200,#P0LLG9RG,2021-01-19,2021-10-10
200,#9CCJ2R02,2021-01-19,2021-10-10
200,#9LP9VCJ8,2021-01-19,2021-10-10
200,#L0QPV,2021-01-19,2021-10-10
