tag,name,experience,trophies,cardnumber,cardexpiry
#QV2PYL,WoToP,104843,7606,0626966543536722,2013-9-12
#9Q8UCU0Q0,Raphou,75429,7540,0626480690377393,2011-10-12
#8C8QJR9JG,⚡NiklasIsGod⚡™,229074,7513,0626367029488480,2013-9-12
#V0QCQUCL,Raphou,157502,7509,0626997669324072,2011-10-12
#2Q9JG29RL,Sofiane JR,246124,7483,0626520186642592,2015-11-11
#UPRJQQ89,stan f,173440,7462,0626915670711152,2012-11-12
#2PPRU8QU0,sight,186212,7320,0626398470972235,2012-11-12
#LLJQJLPRJ,CMG guap,275923,7267,0626759612425160,2011-10-12
#GJ820UYPC,MrAlphqZ,23740,7228,0626597465623055,2015-11-11
#PCY2PV8LG,⭐️Zerkii⭐️,73221,7220,0626241876596671,2013-9-12
#22U2C2PP0,wayes❤️,108882,7200,0626373628257334,2011-10-12
#PCRRGRRCV,le pourfendeur,128172,7193,0626839086028557,2011-10-12
#22YQRCCV,Florem❄,94943,7177,0626901493917101,2013-9-12
#CJRGGCC8,JUNIOR,150402,7172,0626768186359796,2015-11-11
#22QUQG09C,ƘɾąƈƙȤ™,182846,7170,0626222959831433,2012-11-12
#LP098UL8L,✨LENUX✨™️,143261,7132,0626452984628856,2015-11-11
#9LR00P2G,Ad I Matth ✨,7977,7122,0626719473440302,2015-11-11
#PCYRRP8J2,Viníciusツ™,146346,7119,0626496966382404,2015-11-11
#90VLUCGVG,⚡Drak King⚡,117461,7066,0626116324434925,2013-9-12
#9LQJLL,晩まで | Hisoka ❤️,58483,7066,0626578619865560,2011-10-12
#2YQ98PLCJ,Thomas,121054,7088,0626929730224148,2012-11-12
#9J00RUV,mika,269194,7036,0626418434769301,2015-11-11
#CPQPPQ28,U DONT KNOW ME™,113473,7035,0626927363533173,2011-10-12
#2QYUL0VCP,❄️ɪᴄᴇꜱᴛᴏʀᴍ™丨酷捏,299109,7034,0626573623392776,2012-11-12
#UCYRJRL9,ローマ人 I Romainツ,96818,7029,0626744861254420,2013-9-12
#LR9R9RUR,● JuanPablo ●,297451,7022,0626257664273257,2015-11-11
#YCLJUU8G,"Steven's",141051,7013,0626264823443912,2012-11-12
#CG2VJYP,Ｃｈａｒｍｉ❤Ｓａｒａｈ,188345,6998,0626761946148096,2013-9-12
#P82PPQPV,bigbadjulesy,261295,6970,0626964188501218,2012-11-12
#9YUUVJ08G,Zapy,252003,6962,0626568136427689,2013-9-12
#928922QG0,さくぱん(●´ω｀●),99262,6946,0626468993861031,2013-9-12
#8GRCGCCQC,✨YanouN™✨,232751,6915,0626097079988226,2015-11-11
#2QRYYR8C,SIMON,340,6866,0626317675285151,2013-9-12
#Y08PCY8P2,夢の神 I Dream✨,26647,6857,0626527996944621,2012-11-12
#2YVQQPQJL,❥ᴍᴀʟᴀ❦ᴡᴀʏᴢシ,278616,6881,0626926579099342,2012-11-12
#GVJLCYC,LA✨Hugo CR v2,260782,6817,0626393429898581,2015-11-11
#P2RUVC9VR,♛Pringles♛,30586,6808,0626978026467838,2012-11-12
#2YCJRP9Q0,✨ㄊWEEDZㄡ✨,48977,6786,0626396958089241,2012-11-12
#YC288PYG,Moreau,298170,6774,0626171572664210,2012-11-12
#8PGU0R8JR,Ouahleouff❤️,60489,6769,0626588313408914,2013-9-12
#LP0LQQL,~TiM~,292914,6761,0626971805745797,2015-11-11
#28V9Q0,F✨ChetiFLGod✨,59322,6726,0626293182545298,2013-9-12
#228J02890,Zekel CR ⭐️,115470,6725,0626656601454088,2013-9-12
#90YPUVL2,Breng,298862,6663,0626459132367667,2011-10-12
#Y0P8RQ89,Crazy_Brind,276682,6634,0626551971631292,2011-10-12
#RC2UPGP8,"L'Alpha⚡️",99189,6622,0626136383180177,2011-10-12
#8C9CR9YG,RH❄️ I ⚡️Z,127399,6600,0626955154453590,2015-11-11
#Q0CPPQC9Q,エリサ I MariusV1,133035,6528,0626575599184517,2011-10-12
#2QCPVQC0Y,CHN丨Romain✨,59983,6413,0626500096470771,2015-11-11
#8QPCGVP2Y,☣™ R▪Õ▪L▪Í▪Ø ™☣,183160,6054,0626552986736886,2015-11-11
#P88PQJ2UV,<c2>⚡️Manuel⚡️,156884,7493,0626978018285339,2015-11-11
#2G9VQL8U8,EA Alex✨,111837,7446,0626311504646451,2011-10-12
#QJJP0R8L,Viper I Luis^.^,115309,7413,0626236764299065,2011-10-12
#2GJC9PR28,CHN丨Trex✨,58791,7351,0626714784641029,2015-11-11
#98LCG9LVP,✨CarlosĪsGod,278031,7319,0626751493659413,2011-10-12
#80992PGVV,《Oliver》,166550,7260,0626444949296846,2015-11-11
#29YPQLJG9,GerasRepXD,146257,7234,0626878856380301,2011-10-12
#PCRRR2VV,lionel messi 10,111471,7231,0626110121005921,2011-10-12
#22Y9CGYGQ,Dark Light,39474,7229,0626474341052901,2011-10-12
#8QRQ0JLRY,WA Omarbv⚡,7786,7196,0626486676639045,2013-9-12
#8PYGPYJPR,Rafa⭐簡単,272303,7175,0626427827639674,2015-11-11
#UGRV2UJG,Sir. Tød,159163,7167,0626963038137918,2012-11-12
#GPQ2UG2Q,Viper I ULISES❇,109897,7113,0626423730414776,2012-11-12
#JPCRVGLY,すずかもね？,92599,7092,0626876077251780,2012-11-12
#88C9PLVYL,Gravity,186783,7064,0626020964066064,2013-9-12
#89RQQV2U9,TITAN,142071,7039,0626459927908659,2011-10-12
#92YQYU0L2,nestrQS,26722,7000,0626136757526252,2013-9-12
#2QYC8YLLG,EA LF✨Patron,228398,6988,0626968830963635,2015-11-11
#2VLY2CLPY,Francis❤️スキル,97827,6917,0626693726406248,2012-11-12
#99P9VLCR2,S.BurrieL25❤,250303,6908,0626517571378279,2013-9-12
#LY8R8RY9,fernan,69313,6883,0626005133228737,2015-11-11
#8GR2GVLJ0,Jesús Urrutia,57186,6879,0626822218505841,2012-11-12
#P9P2GL8,❤Andres❤,294116,6852,0626864370470984,2011-10-12
#9PRP2URC,⭐IRVING⭐,162658,6848,0626127427405290,2012-11-12
#2LJ82YCVR,Jørge✨,30384,6848,0626899568992621,2013-9-12
#98UCCVRRJ,⚡️DAISUKE⚡️,79244,6769,0626811132567094,2012-11-12
#8J2PRR9Y,Yogui™,142489,6756,0626272197820599,2011-10-12
#92828YYCU,Ｃｒｉｓｔｉａｎメ神,79385,6744,0626379935705337,2013-9-12
#9QYRCPJP2,<WEROgod>,145044,6743,0626752141255984,2013-9-12
#90JYC28PR,manny,90072,6732,0626751912274083,2013-9-12
#880UQUUQC,⚡λʀτυʀɸ⚡,20553,6730,0626614893905085,2015-11-11
#2GQVLYV0U,KSG Facu™❤,250398,6715,0626644559606263,2011-10-12
#2CQV02CYR,<c5>꧁Dann Rv.꧂,196347,6714,0626925389854045,2015-11-11
#888P9C9UV,LEGENDARIO R,210928,6714,0626505279937850,2012-11-12
#J8QPJY8Q,ᴅɪᴀᴍᴏɴᴅᴀʀᴋ 詹妮弗✝,44872,6709,0626262497546747,2015-11-11
#2GPVQYQLG,EvilPav2,266346,6708,0626471967908432,2011-10-12
#88UPCYJVC,Comandante Toro,173393,6656,0626431539638016,2012-11-12
#2JRYUGY9V,ᴄʜɪɴᴏيارتزي,287523,6655,0626290289274467,2013-9-12
#YUU8RCCRQ,まこつめし,185854,6631,0626934480714280,2012-11-12
#CGLRRPYL,<c,138479,6621,0626697333975750,2011-10-12
#8UGL9GLL,DAMIAN,66769,6600,0626774010409518,2011-10-12
#99V99R2PV,Okey I Cusiبشو,101586,6600,0626914206682862,2013-9-12
#28PQ9GJG9,NJ | Coopligth⚡,171813,6568,0626499730676010,2011-10-12
#2VV0RRVG9,PITU♥︎,68815,6551,0626256611512221,2013-9-12
#2YQP98L8R,QE Osiel_Mtz,237848,6494,0626385354989799,2015-11-11
#22VYU02RR,Cesar,3959,6461,0626068476805719,2012-11-12
#22RPYRV99,SK I am USA 处理⭐,51025,6335,0626209823056909,2012-11-12
#JY9JLYRR,Cats♡,84567,6089,0626860323040205,2015-11-11
#YYR8V8U8Y,blackpoint,152438,5251,0626334667884834,2013-9-12
#Y9JGY28U,CHN丨AndrésTB,199922,7463,0626621488958890,2012-11-12
#LYG9QGGQ,CHN｜楪祈✨,297162,7322,0626629844197475,2015-11-11
#8P0URCRV,Hicham❤Snipe,91548,7301,0626906212744231,2011-10-12
#LRYQU2V,CHN｜Nate✨,265342,7266,0626833891478925,2013-9-12
#2VJQVPVR,出泥DaJuicyOne,294737,7255,0626172696679217,2011-10-12
#RYRGV0CY,Panda,139732,7222,0626667954120663,2011-10-12
#VY9J8ULV,CHN丨波光粼粼✨,287216,7166,0626724850447052,2011-10-12
#2L2QGJQQ,lattack,255965,7162,0626582706920841,2012-11-12
#R90PRV0PY,Ryley,112283,7162,0626885017286111,2013-9-12
#U800U9U9,Biel™,129104,7148,0626479487535650,2015-11-11
#89RYUPQ0V,Alejandro✨,248609,7133,0626814652477470,2013-9-12
#9QY0RR29,CHN l maksteror,275335,7126,0626746171106778,2015-11-11
#98R0LCGG,CHN丨Eragon✨,111801,7070,0626504675206002,2012-11-12
#8J8QCGLR,Big O,39739,7052,0626984161480289,2015-11-11
#Q88YUVLG,❄️ Polar ☃️,93039,7050,0626104673489625,2015-11-11
#82UVCUR2R,sino,77868,7036,0626283876383643,2013-9-12
#9RR9ULL99,CHN丨Clappix✨,70273,7019,0626722010591249,2011-10-12
#9UCCQ2Q9R,BIG Reichert,208852,7017,0626909151430622,2015-11-11
#PG0QC29YR,꧁✭ Rэmy™ ✭꧂,129191,6998,0626569316864691,2012-11-12
#G22U2G8J8,키라리✨,294058,6971,0626660618604107,2013-9-12
#2GRQQU02,࿐Abdulelah ௮,289025,6967,0626042741558668,2013-9-12
#9RGPC2GG,UA I LEBRON,66459,6924,0626575024858537,2015-11-11
#CCQCU90L,CHN丨这货不是渣渣希,22752,6880,0626507148961244,2011-10-12
#P9LQRJVL8,CHN丨闪光时代✨,85276,6868,0626779245366334,2011-10-12
#2YJLLJYGP,Andrés The Boss,1637,6794,0626904170117888,2015-11-11
#2G0JP98QR,CHN丨zaphkiel,276757,6765,0626686527674576,2011-10-12
#J2PVLP8J,Paul✨荒芜的梦境,16305,6694,0626958223909634,2015-11-11
#CQ8CPPG9,CHN丨筱红✨,140144,6663,0626563759599674,2012-11-12
#9LYUG09,࿐Abdulelah ௮,196869,6658,0626037535669036,2013-9-12
#98RRY80YR,CHN丨SHARY,21516,6603,0626190354495619,2015-11-11
#2CYQJGCR,CHN 丨Lapkens,50958,6600,0626152453103486,2015-11-11
#PU0GY8Q9,CHN丨Jetoff✨,50359,6600,0626133079583988,2012-11-12
#2CQVC0899,CHN丨电光火石✨,188589,6600,0626587122518434,2013-9-12
#89UV8ULY,CHN丨Rakan✨,96147,6600,0626548120001468,2011-10-12
#PUU200YL8,β◆taku◆β,54589,6600,0626897497045503,2013-9-12
#PV209YR,CHN丨Hammad✨,221461,6600,0626828510196254,2011-10-12
#GLVCVLJP,sencerIsGod™,262474,6600,0626949022097655,2011-10-12
#2VV9GUYVR,大罗天⭐️Tiago️❤️亚索,177096,6600,0626837483716741,2015-11-11
#RV29VYG,CHN｜老弟的头徒,174265,6600,0626265019214355,2015-11-11
#PJGGRCPC2,Ryley39,118456,6600,0626372275349402,2012-11-12
#92VUJ99VQ,CHN丨塞萨尔✨,239630,6588,0626876327669468,2013-9-12
#2VRVVJL,CHN I Hicham,239154,6577,0626745836079982,2015-11-11
#L00C8Y9Q2,P2N Alpha,51075,6437,0626914376329690,2015-11-11
#2LRU8YJ2P,STARDUST⚡️,212837,6324,0626367616739535,2011-10-12
#Y22PJ9V9J,CHN 丨烛光摇曳 ✨,271745,6182,0626856741777337,2011-10-12
#20P8LJPU9,CHN丨天光大亮✨,112777,6014,0626893962397974,2012-11-12
#9LGYYV9G,Eragon,248703,5980,0626292027036505,2011-10-12
#20GQRV8G9,CHN ｜ 圣光闪耀✨,148686,8083,0626614457056739,2013-9-12
#G029CV9G,Айбол历史最棒野猪骑士,75172,7843,0626981490416257,2012-11-12
#QL8CJUYQ,CHN丨牧人✨,93204,4436,0626082290668641,2015-11-11
#2PUJ2URC,bebbefan,137234,7468,0626507017248038,2013-9-12
#LURU9JU,『Rockets』✨ĞØŁƏM,175935,7312,0626120121384689,2012-11-12
#RVL8JP,eastreaver™️,16930,7305,0626813829166933,2012-11-12
#8PQ9QCPL,Rocket | Viktor,10990,7202,0626731538097662,2015-11-11
#PLL8Q9LVR,Hannes❤️Mk,121718,7156,0626497879213181,2013-9-12
#2Y2PPQ0JV,TAME™️,279416,7141,0626825638879167,2012-11-12
#QJYV9L9Q,✨Rocket I Kim✨,135478,7133,0626348607354542,2015-11-11
#2JUPU0LPV,OverDose破壊,267554,7097,0626547054565357,2015-11-11
#9QLL8QQQ,lil Ace,25783,7088,0626964967244824,2015-11-11
#VQ9QRYRR,Real Madrid,151509,7068,0626359445326543,2013-9-12
#2R80RVPP,CRxNK,107891,7045,0626554226505915,2015-11-11
#YRV9PUGUR,Trainer Tobi布達克,99734,7010,0626383104066612,2015-11-11
#QRU0V0GQ,✨Matze-Rocket✨,115885,7001,0626466976965720,2015-11-11
#2LVJR89V0,RatroM,214281,6947,0626389735566441,2012-11-12
#Y0JVJL9P,troublemakerlu™,215380,6928,0626455721270148,2011-10-12
#G82LPRJG,✨Rocket I RBNA✨,1988,6896,0626356134006493,2012-11-12
#2VU9YGCGV,✨Rocket I Mo✨,56503,6893,0626521605099638,2012-11-12
#9JJ0G922G,D é m ø ñ,274890,6855,0626018182621942,2011-10-12
#2GP88YU0,ROB!N,71585,6854,0626203035367329,2012-11-12
#229P2QYL0,Rockets✨Theo jr,104802,6845,0626409420857671,2015-11-11
#8VPQUG89,Crusty,179632,6821,0626554487188211,2012-11-12
#2PVCG9GQ,Trykenny❤️Tilt,179429,6793,0626123816959237,2013-9-12
#9P2JPCY9U,Elias❤MK,112250,6759,0626800813901680,2012-11-12
#Y2LJYGUP,Lio,229251,6744,0626095236319046,2013-9-12
#QPR2LQ02,Colin鼠 | Rocket,277009,6727,0626783970584814,2012-11-12
#YU28V0LP,UD I NOOB,210130,6726,0626681826094972,2013-9-12
#80C09G8G,Ungeluckt,114851,6724,0626034260603041,2013-9-12
#PJ8RJPRPR,I Love X-Bow❤,83095,6712,0626557807985075,2011-10-12
#C8U9GRVY,Jonas,155171,6671,0626608748601568,2015-11-11
#Y9G2LLG02,。えMVPえ。Ghostえ。ち,3970,6660,0626953446704524,2013-9-12
#2GJ0R2RL9,TK_Gaming,89452,6656,0626757151554507,2015-11-11
#8YVYGCP,DC,132653,6637,0626553057647770,2015-11-11
#JP9JVC9Y,ㄥモムモれ刀丹尺ㄚ™️,272063,6635,0626302943526859,2011-10-12
#2PYUQL2VG,Vollzeitreaktor,44117,6629,0626912508376548,2015-11-11
#8YL988LL8,Mitsuha宮水❤,282524,6625,0626261863275089,2012-11-12
#PP2YY2RG,Rのckeㄒ l Fしㄖ☆シ,161881,6624,0626515242884360,2013-9-12
#80RGP2JPR,Mark,2819,6619,0626967911198004,2013-9-12
#2V9P80RLC,Skipa ♥️,82280,6617,0626890507071247,2012-11-12
#998LUCJC,ShadowFighter,200794,6605,0626110870958957,2011-10-12
#9P08GGJ9,Cyberdarkboy,239793,6600,0626008408519475,2012-11-12
#C00Y8QJ8,✨Johnny-Rocket✨,246259,6600,0626364565672106,2015-11-11
#V9LR928J,Kyuubi™️,138603,6598,0626025417841542,2013-9-12
#YU8CCU0Q,CBG⚡Soka,156599,6593,0626906317063305,2015-11-11
#2YL28LQQJ,ツ_S C Λ R Ξ D_ツ,251985,6568,0626277687683886,2015-11-11
#UQJ9LUP,Itachi uchiha⛔,51338,6541,0626560204912619,2011-10-12
#92YV2YRGR,CHN | China 弓子,9041,6520,0626205372549518,2013-9-12
#28GUPGY2,✨Dennis-Rocket✨,245691,6366,0626112691760117,2013-9-12
#2RLGQGLC,Maja❤️Snipe✨,161054,6304,0626561026268446,2011-10-12
#VV929UL9,Eli der Boss™️⭐,23132,6202,0626647103867265,2012-11-12
#8P988JLV0,JeffyJef-Rocket,1728,6197,0626244207751643,2013-9-12
#829QLUVVR,N3m3sis™,276778,7360,0626321055842458,2011-10-12
#Q0L92PQ2,⭐️♥️Moudji♥️⭐️,72296,7354,0626660571522569,2011-10-12
#CJYP2PV2,2.6での私の人生✋,230954,7325,0626882417154833,2013-9-12
#YRRQUVG9,⭐️King⭐️Texas⚡️,162057,7305,0626545589053956,2011-10-12
#CL08URJ,Wiz❄Fedez™,258899,7139,0626620073093899,2011-10-12
#8L009JURJ,Samu,113544,7120,0626419237575390,2015-11-11
#YVJQQLPPR,Daniele♦️Fedez™,165216,7114,0626365569350045,2012-11-12
#UCRG8GGL,SilverKevin,120625,7095,0626890373924099,2011-10-12
#2VV98UYP0,White Mamba,55925,7091,0626494022723141,2015-11-11
#8YQVU90,giovanni900,176617,7059,0626714392812129,2011-10-12
#9UCG09099,Hiro,37166,7038,0626046679820529,2015-11-11
#2828LJQ9C,✌CHRISTIAN✌,77966,7015,0626569469847824,2012-11-12
#2ULYLVQ,GEARD,16591,6969,0626747179292446,2015-11-11
#LRCPJCGP,Super Potere4,103395,6932,0626371189845604,2015-11-11
#2LVQ2R,Cappello™,4833,6914,0626777117472057,2013-9-12
#2YV280Q0,Darko⚡Fedez™,256045,6906,0626275995114966,2011-10-12
#9C9G9GP,niki,285634,6900,0626768459773434,2011-10-12
#GGL90Q9J,遭受Dystopia,64482,6863,0626688917672541,2015-11-11
#2YGCCC8VV,★< Samu >★,7614,6854,0626677151166757,2012-11-12
#89PL0YV,Gargolo,67856,6833,0626286665472444,2012-11-12
#2L0RPV822,sergio 91,8932,6825,0626430238804713,2015-11-11
#L82V9VVC,AFA༒gow™️,176869,6822,0626034979083329,2013-9-12
#9JCVUYP,Alien✖️Fedez™️,152666,6821,0626734203027857,2012-11-12
#8L8VV88C,CMG GUCCI,132277,6820,0626905176109332,2015-11-11
#LU8RUR,FelixZ™,126884,6818,0626248495357633,2011-10-12
#2JR800G,Steins;Gate,87074,6816,0626578885502434,2012-11-12
#29C2U2QPP,ZioPaperone,56089,6812,0626042057677441,2011-10-12
#YL098VV8P,❤️light✨I❄️ice❤,100049,6811,0626374129103407,2013-9-12
#YGYU8Y8V,super pekka,5013,6800,0626377105933051,2011-10-12
#2L9RJL2Q,dany,133063,6793,0626131359514145,2013-9-12
#88JVUCJ,Ares 強者,188577,6782,0626631207991205,2011-10-12
#P8J2V2CQ,Skali⚡️Fedez™️,30813,6728,0626650102300536,2013-9-12
#80V8U9U0J,KARIMTHEKING22™,80058,6721,0626633881120911,2015-11-11
#QR8JQ8LQ,Matt❤️Clone,282524,6716,0626183574570303,2012-11-12
#2PPJPULJ,Artasi,145082,6707,0626736040971486,2015-11-11
#QQCCYJLY,KOYKA04,161094,6690,0626387430925953,2015-11-11
#8VUPVJ2R,生活zzس,163724,6669,0626586687781403,2011-10-12
#CRGUQ2P,Nova I venom™,89957,6660,0626220368420921,2015-11-11
#2YLQ22YQV,⚡Mosè⚡,179908,6658,0626344590769101,2015-11-11
#989L99QLC,Podo,286536,6650,0626888208546111,2013-9-12
#2QCUGCPQ,Chri 2704,237451,6634,0626185654487951,2011-10-12
#2UQ8UC8R9,Pinuts07,176483,6620,0626787261048116,2013-9-12
#9289JQPV9,GtSq.Savastano⛔,210453,6600,0626566815783828,2013-9-12
#YC0JJ2PV,B҉O҉S҉S҉,41717,6600,0626717418164110,2011-10-12
#82VJQ22VQ,SFERA EBBASTA$€,243454,6600,0626308682301800,2015-11-11
#VQJ9UUP,~Lorenzo~,75833,6531,0626371928950053,2011-10-12
#2PU98V8QJ,QLASH⛓Fedez™,192878,6473,0626063100884289,2012-11-12
#2VQQR20,Giux✨Fedez™,105166,6411,0626325999032829,2011-10-12
#GPU8P0C9,LOU GILBERT,9032,7384,0626772999633462,2013-9-12
#28PUV9PRQ,Dess,109963,7379,0626052649930513,2012-11-12
#LUGVG9PC,WILL GILBERT,265176,7351,0626928680707094,2011-10-12
#J9URJR90,Joske❤wHezzy,132468,7312,0626974953518669,2013-9-12
#GUPPRCQ,|✨Pixo✨,21034,7286,0626636701508405,2012-11-12
#YVPYVV9V,Le_Rat,299875,7191,0626238512242330,2015-11-11
#80V0JULJ,BePikaa,139264,7185,0626833975501113,2011-10-12
#L2R22CP,Nightwolf,74009,7183,0626900684020659,2011-10-12
#JJPCVQU8,強い I ƤяσƓαмє ☆,243983,7142,0626790036400216,2012-11-12
#9UUC9L280,CHN 丨predator,30830,7125,0626931646169490,2011-10-12
#CQ82JUC,José❤Samantha,195373,7123,0626009896314007,2015-11-11
#2C098VPL,lebron james,103728,7096,0626449482193656,2011-10-12
#J8YPGGJ,Kageyama I キング,244375,7059,0626518063505189,2012-11-12
#P9R8CPCUG,SaKuRaGi⛔️,155939,7050,0626745182470322,2012-11-12
#8QYCJR99,只是 \ Ⓜ️a̶a̶a̶a̶,247962,7045,0626266770906759,2012-11-12
#R0CG80YG0,SFE❤Maxou,241795,7028,0626573731860342,2011-10-12
#V9G8PQGG,Fabrício™,258435,7027,0626975105110800,2012-11-12
#8VR98PCLC,⚡️D3fault⚡️,143268,7023,0626865616827911,2011-10-12
#P88L0ULQ,❤Axel92⭐,161940,7020,0626399945758175,2013-9-12
#2GPURRRCG,Kylix✨,216770,7012,0626413962539705,2011-10-12
#8RRVL8P,❄️Adam❄️,38202,7008,0626586973400890,2012-11-12
#208GJV,Financier,63645,6959,0626135735919365,2011-10-12
#PG28UYQLJ,Ancient One,67153,6936,0626634361089014,2012-11-12
#9YYGL9GUQ,<c3>Ҡìɾմą キルア,183001,6909,0626612972175760,2013-9-12
#2QLJPC2R0,DEAD MAN,6871,6886,0626547572034522,2011-10-12
#2Q80QPGCU,blackfire,112713,6885,0626600443925566,2011-10-12
#28GG9QJPY,⚡⚡Fares⚡⚡,230603,6885,0626208930771053,2015-11-11
#GUQV2YCY,⭐️⭐️Julien⭐️⭐️,280027,6880,0626794776981435,2011-10-12
#UP9QQ9VY,DANIEL.(RD),173904,6871,0626228029359073,2013-9-12
#2L2UC2LQU,tyridium,181747,6849,0626466042401239,2012-11-12
#2V2QJLU2Y,☣Trasher™☢,233208,6816,0626818864757686,2012-11-12
#JU0VG99C,<c7>Ivo<c3>ry,267131,6811,0626898270445480,2015-11-11
#CQ0YGRU,BerrojavHD,189442,6797,0626001210808293,2015-11-11
#9JLQPU802,TNT,12282,6782,0626049978453406,2011-10-12
#8URCGCLPG,Patrick santos,156391,6747,0626462511770907,2012-11-12
#VPUQYUY,HAshir khan,229273,6724,0626400106479690,2013-9-12
#9CRJ0YUVL,✨CRAZYKILLER✨,182110,6715,0626174661370517,2011-10-12
#LCCGJQJC,PYO,34670,6705,0626904063461054,2013-9-12
#2092CR2RV,maxirus,132761,6679,0626016441118262,2011-10-12
#PP80GVGUP,Dark Knight,258585,6601,0626218365096611,2012-11-12
#2YJCGYVQ8,El Griingo,160106,6600,0626420234868796,2015-11-11
#R2UYQ9898,ʀᴏᴄᴋᴇᴛ ɪ ᴊᴇʀᴇᴍʏ,202839,6600,0626556175495139,2012-11-12
#90UJPLCQQ,波兰人 I Fяoslєu ☆,101434,6536,0626585282201460,2012-11-12
#RQQQY2L28,ᴢᴇʙᴀʀᴅɪ,261039,0,0626692436116766,2015-11-11
#9U22V0P,parham,235733,7423,0626214920411221,2015-11-11
#2UJ0RCCUQ,DREWBEE900,19926,7372,0626104190346415,2015-11-11
#8088R0VP,RiotRiotRiot,272603,7367,0626232050676876,2011-10-12
#9VY20LY8,YoungThugDom™️,94934,7321,0626543067189350,2011-10-12
#RCGPJGYQ,skow,8347,7004,0626234798474986,2015-11-11
#8RRCVCGP,BM Master,72482,6939,0626421525382372,2012-11-12
#98G8PYUQ2,ＲＡＳＳＥＬ,118413,6894,0626360856673225,2012-11-12
#CYRL0RY2,Kunai,192513,6853,0626734011452636,2013-9-12
#90UL09LP,<А>,112881,6845,0626497862663848,2012-11-12
#P09C0GC0,Babushka,78676,6835,0626945544643885,2013-9-12
#RUC9GCUL,Wildcat,165467,6818,0626597482557385,2013-9-12
#8L000LJ9Y,hudi,156425,6765,0626116825859794,2015-11-11
#2YUVY0JL0,Austin,282190,6745,0626053231037824,2015-11-11
#QQVYGQ0Y,<c5>swenzel2,128767,6737,0626848298089117,2011-10-12
#P2CLCV8,OG Feared,259076,6735,0626789391559160,2015-11-11
#8RYR9L2J,Rayghar,42308,6717,0626395104035777,2013-9-12
#L09YGU9,KING KOOPA,161367,6709,0626345742305785,2013-9-12
#QVC8PGUG,mboss,276086,6709,0626322977538612,2015-11-11
#8UJQPR22,Sam,80148,6685,0626897797914200,2015-11-11
#P99JPCLQ8,Stevo,161207,6682,0626476979174873,2011-10-12
#2JPPU8YRY,SŁÅŸĒRBÖSS,261701,6680,0626681897228103,2011-10-12
#280YVGJQU,Payne,144658,6667,0626280991669237,2012-11-12
#PR009PUL,Gum Drops,292959,6667,0626694601977253,2015-11-11
#2CRJGPRY,cheekclapper,224674,6666,0626819369064107,2015-11-11
#R82VQ90R,<c5>Pradetto,149620,6661,0626629066492877,2012-11-12
#92VY9UPG,nick,39851,6651,0626253933351008,2011-10-12
#8V2RJLUL,<c2>BDE Drew,61305,6624,0626812968176257,2015-11-11
#PQLGJ90Y,Yeezick,256378,6617,0626861060900486,2013-9-12
#2QY9CYJVY,Royal Highness,182954,6616,0626741490803627,2012-11-12
#8P2CR00L, Mateo ,169923,6614,0626174754229174,2011-10-12
#LRUQQPVU,B Host,217012,6603,0626354846476302,2012-11-12
#892JJYVC,••Big Gucci••,33812,6600,0626595165854475,2012-11-12
#G2RPJVRJ,mervyn,17122,6588,0626735283784309,2011-10-12
#YGYJ220L,JJ,150626,6563,0626061635928811,2012-11-12
#8U2LRYGR,Hazy™️,25623,6553,0626347755457123,2015-11-11
#2CRGVCU0,Jacob™️,292284,6541,0626184389245347,2012-11-12
#2GRUQP9VL,GAME_OVER™,112117,6536,0626924573010878,2012-11-12
#9PLYCU229,Trainer Nick,34076,6521,0626309364170943,2012-11-12
#8092RGP8J,Lil Kraz,240568,6490,0626745048935187,2012-11-12
#9089JPLQ,Kruegs,180101,6484,0626301425810971,2011-10-12
#22JYR8PR,FORTUNESOLDIERZ,127237,6443,0626364219528522,2015-11-11
#8R2JCGPC,crusher,145039,6425,0626696547341023,2015-11-11
#2GG9JCCRR,Kyle™️,179670,6423,0626526634210874,2012-11-12
#2LY2GGVR,ocelot,137211,6418,0626288091351267,2012-11-12
#R8000P88,Knightro,242693,6407,0626965633367949,2011-10-12
#2YC9QC8L9,Flopdonk,210217,6368,0626622587163465,2015-11-11
#2JL08GY0,Jace L,173973,6345,0626576620484223,2011-10-12
#2CGUPJJU,lil_reese,207253,6331,0626207580650344,2015-11-11
#8PY0RCUYG,BKD I Jay,213031,6267,0626158566046454,2011-10-12
#928UL0RR,LIL P,164134,6156,0626025391240331,2015-11-11
#L98JYVL,I am Griingo ❄️,23638,7348,0626874360614624,2012-11-12
#GVLGLJPL,7afla,85063,7225,0626022201150354,2011-10-12
#89LY9LU2Y,Matte™️,228579,7188,0626070918513703,2015-11-11
#9V20UYCRU,ᴛʀᴀɪɴᴇʀ ᴊᴇʀᴇᴍʏ,161046,7183,0626849915178432,2011-10-12
#UCC8QQPU,Impossible ルマケ,230931,6943,0626886569376177,2015-11-11
#92R9QJYYQ,avengers,54963,6914,0626731698847542,2012-11-12
#L92P8VU9V,⚡ＴＨＥ ＰＵＮＩＳＨＥＲ™⚡,254593,6904,0626772846909347,2013-9-12
#9YYCUUYRP,りょう,39325,6895,0626977736492946,2015-11-11
#VUJYUJLY,<c8>Reina❤,28724,6891,0626954379378369,2015-11-11
#2VUJQQVGR,我ᴀɢᴜɪʀʀᴇ,115519,6883,0626506293494076,2013-9-12
#8PV2R08L,the snowdog,265668,6864,0626765107575930,2013-9-12
#88ULRRLP,icy❤️MortarFan,21941,6845,0626062822186718,2015-11-11
#9PUUCCY9J,<c4>piro,299697,6843,0626507272064179,2011-10-12
#28YC8C2R,Chief Isma,271330,6834,0626658402832587,2015-11-11
#J9LQGLL8,Seiunsky✨,235059,6821,0626451752358290,2011-10-12
#9RJQ0YG9R,12 Monkeys,148462,6819,0626378480967698,2013-9-12
#YJ2LJU2CR,T8848❤✨TL1808^✨,25508,6803,0626527822548224,2015-11-11
#YLQQGJ2Q,Käfer Noah,235991,6775,0626434104592576,2012-11-12
#L00RCJYG2,Tanzim,173957,6764,0626582585247027,2012-11-12
#2P2LVRG99,valentin2,113237,6750,0626931333078319,2012-11-12
#Y8G9CU2LV,Big Data Trap,192265,6748,0626094652833481,2015-11-11
#2VLPYG0RL,Edgar little,175956,6743,0626187430072719,2011-10-12
#P82YUQ9QY,Moonlightreeey,190281,6726,0626308086152262,2013-9-12
#9YJ08GG08,Self Made❤メロン颯太,157522,6723,0626683496551331,2015-11-11
#P8YQU9LL2,Reincarnation,161718,6721,0626634690485198,2013-9-12
#8UCQYJLP8,so bad,163061,6717,0626495039899741,2013-9-12
#C2QCRP0J,B⭐️AHDH_Sami,89743,6710,0626549850706003,2011-10-12
#828JLGVYC,dark warrior,290315,6700,0626803105406194,2012-11-12
#GL9299QG,KFC,81745,6696,0626552198867941,2012-11-12
#Q2CGJ8JQ,Shorter Wong,84913,6677,0626032404591445,2012-11-12
#92V2VRCVQ,喜羊弟,27606,6674,0626464596500837,2011-10-12
#8QP9UPUPG,王蛇,219526,6665,0626403930868419,2012-11-12
#22R2JCR2C,lord luderich,260594,6663,0626436819011321,2012-11-12
#QRQ9UU9U8,DaspeK❤️(),30159,6658,0626714854128923,2013-9-12
#PV8LRVCJU,ホリグ,134578,6646,0626571000592281,2011-10-12
#829YPQYLG,STD.XDgamerXD,58892,6622,0626266816859368,2011-10-12
#8982QVPQV,⚡Tadeuz⚡,66263,6612,0626425586088679,2015-11-11
#2GC2R2P2Y,HASAAAN(๑˃̵ᴗ˂̵),57713,6608,0626364351318609,2011-10-12
#90PUP92J,Tom,20761,6606,0626434181335535,2011-10-12
#2RUL98URQ,EA Fernando✨,93769,6603,0626602496181576,2011-10-12
#9JC989C2U,•Ąrbisz•,259102,6601,0626743104091144,2012-11-12
#PJC0QVC9U,⌁Mⱥrciⱥήeke☂,260013,6600,0626299794688194,2013-9-12
#2QULVQPRG,ANDRES PARRALES,54123,6600,0626809682577307,2011-10-12
#8RYYCJG20,Stalk ت︎,224336,6600,0626452196670654,2011-10-12
#2UL9YLPL0,ιυcαδあlucas,201922,6593,0626535240757335,2011-10-12
#8C9RQYV2J,Nera,254429,6537,0626143017570328,2013-9-12
#820UJQUYY,el perrito 007,136700,6433,0626432247339020,2013-9-12
#2J9LPRYR,Trish,122588,6393,0626442711421964,2013-9-12
#8282YYRL,Gui,159156,6324,0626981689849805,2012-11-12
#RCYQYPLG,Emix,256365,6135,0626211157921914,2011-10-12
#CLRJ9999,Bigfatsheep,43424,7341,0626989728848043,2011-10-12
#U9PU9LQV,Cory,103953,7095,0626596771548253,2015-11-11
#98YPGGJJ,Wilson,42101,7042,0626235448377222,2012-11-12
#22CCRLQ0R,popbob,137682,7039,0626295108748112,2015-11-11
#88U0V8C,alex,102801,7030,0626099176367502,2011-10-12
#98LLQYJG,Dz I Fresh❤️✨,179104,7027,0626543599729749,2015-11-11
#PQ9C2V8LY,Hunter Dean,85614,7003,0626914504385986,2015-11-11
#PU9Y888V,MikeRoux19,74777,6974,0626886861186837,2015-11-11
#2RL2R0J0C,Dz I Vel,261632,6974,0626393602559745,2011-10-12
#RPUU9RY8,SirFlash,252265,6931,0626996455336688,2013-9-12
#P29Q09C9V,Stav™️⚡️,289933,6865,0626764716710194,2012-11-12
#2PJ988U2,Ted,3677,6851,0626016622858702,2013-9-12
#909UCGUYJ,Ｍｉｃｈａｅｌ™️,53750,6837,0626565752674560,2015-11-11
#82LP8CPJ8,Perfect300,104123,6799,0626285395644439,2015-11-11
#2P8RV9UQ,Dr Karl,130716,6796,0626993613287382,2015-11-11
#2LGUPRCJP,DouggYsTyLe,221458,6775,0626782096803017,2013-9-12
#2V20QJVR,MCurik,220101,6772,0626321334859125,2011-10-12
#2VVL0VJ89,Dz I Legend❤️✨,61463,6765,0626255970171959,2011-10-12
#8UYC22989,StopitsTooBig,32191,6751,0626768947365801,2013-9-12
#LQ9J02P,carti,236095,6740,0626403617394523,2015-11-11
#Q9PGVUY8,nito,136368,6718,0626821838688680,2015-11-11
#2RQ89029J,21L Coronel,13171,6718,0626519105646742,2011-10-12
#288CUPUPP,Matt69,181194,6717,0626692480124005,2013-9-12
#RGP2VC9P,RUMPELSTILTSKIN,235049,6700,0626758168407184,2015-11-11
#QPQVLYJJ,Le Clash,177427,6700,0626156935261093,2013-9-12
#J8QU0QYP,kevin haha,23834,6694,0626688427837063,2012-11-12
#JJVVV8RG,LEGENDRY BDB YT,179133,6673,0626897204347812,2015-11-11
#GQJY00YP,kayden,271497,6666,0626319513819829,2015-11-11
#P8CJYJ02,nick is fat,290064,6648,0626839252067686,2012-11-12
#8YPRCLPQ,Carleo,46640,6644,0626478603443666,2015-11-11
#8CUL88Y08,TickleMyTesla〽️,259229,6630,0626493239190110,2013-9-12
#8CJ2880VR,TTV_Boopis,231392,6619,0626030390471895,2015-11-11
#98RRL0Y2,Taz,290168,6532,0626340488210182,2015-11-11
#2U2JJ098Q,中トロ,187027,6529,0626238787297761,2012-11-12
#9GVYCJPG,Muse Castle Utd,219440,6505,0626750154666451,2013-9-12
#9QLJU0PJ,Gojo,157025,6485,0626896809549228,2013-9-12
#2Q92P0P2,Dilan P.,35891,6478,0626685271853170,2012-11-12
#G9GCGCGG,@우람,28798,6458,0626009344388892,2012-11-12
#GQJYCRQ8,MikeTheSpike,129300,6413,0626158433134699,2011-10-12
#82L2VCV8,DZ I Trash✨,191820,6386,0626687927990612,2012-11-12
#Y92G098C,Dz l GOD⚡LIKE✨,242412,6346,0626774676110111,2015-11-11
#R9QYRY2,Ty,141095,6307,0626827447687682,2015-11-11
#2UVUR2YPP,X-Bow❤️Boss™,148156,6290,0626509504419965,2011-10-12
#8JCRJV9Y,ITACHI,63579,6278,0626351210383619,2012-11-12
#CYQQPUU2,Dz I Berky❤️✨,16667,6240,0626147753795916,2012-11-12
#2CUGV2Y98,ぐら,244136,6170,0626474503468457,2012-11-12
#YYJUJUQG,Boxing96,76168,6154,0626058736920226,2011-10-12
#PY9CULY,taethegreat,290582,5974,0626410321534815,2013-9-12
#8PQG0CPLP,Dz I Suffer✨,243120,5922,0626353798170335,2013-9-12
#9RQ8YRYQL,batan,192411,7308,0626008851049970,2013-9-12
#RL88PYRG,Murr20,44032,7151,0626220339456020,2013-9-12
#9YUYVGVCQ,mohammadreza,297953,7123,0626330066887824,2012-11-12
#2PY2228U9,Sohrob3139,163865,7101,0626101836100750,2012-11-12
#R82Q0L2V,JRGW,59198,7100,0626954554399537,2012-11-12
#J8R89YC8,Hunter,17774,7085,0626679209022594,2013-9-12
#PL02LR2,⚡⚡David⚡⚡,48245,7032,0626779046000488,2011-10-12
#8L08LCP28,Elite Sparky,268720,7021,0626188070773145,2013-9-12
#8CC9JYG2,AdiLero,16406,7003,0626179855846503,2012-11-12
#2VLC20U9V,Matthew✨❤™,40885,6973,0626149176570868,2013-9-12
#9YU9R8J,PEKA™,257515,6933,0626956296027599,2012-11-12
#2VURRCG90,Dam!,257796,6913,0626583662757136,2012-11-12
#QUV8C89,Sean M. 문선,143535,6910,0626633320340344,2012-11-12
#U2QP29R9,✌Alan.d7✌,198289,6906,0626396508614258,2012-11-12
#U2UJQCL0,Josef Almighty,296148,6886,0626826893649261,2011-10-12
#22Y0PU08,Y D E E ⭐️,153571,6857,0626095732092444,2015-11-11
#2VP9LL2JP,jorge545,285697,6855,0626096271738025,2012-11-12
#2J9PJCCJ,Legendary,39724,6811,0626529145920429,2011-10-12
#C0PPG0,Rennegade,49575,6797,0626146794586763,2011-10-12
#PP0UG0CVC,LUCAS,271105,6778,0626193214080050,2011-10-12
#2LPC0LVPG,ZOL-KiluA-DIK,252239,6749,0626284537630794,2015-11-11
#QCJQCJ8G,GG,17914,6744,0626018504245867,2013-9-12
#GYGCJYPL,OscarDaChimp,225778,6743,0626670441994328,2015-11-11
#20YGVQR0R,Thomas,153703,6736,0626103290925011,2015-11-11
#C09PV2RV,Const❤️sk,272233,6730,0626397819159512,2013-9-12
#202U2J08Q,ClashKiller125,299187,6730,0626362506723707,2011-10-12
#9PYJVPPLV,twitch/Exes4,110993,6712,0626802893015217,2011-10-12
#2PR28G2,wicks,14426,6707,0626184884759735,2011-10-12
#LYJLLPQR,Cap,159058,6705,0626738145763677,2012-11-12
#PL8QL08,Meaux,133002,6690,0626033275446669,2011-10-12
#G9GVYLQP,indianboy23,285853,6672,0626644452754616,2012-11-12
#9Y2LCU0UV,Nova I Shoospy,164871,6654,0626299584028874,2011-10-12
#PJ08LLCYV,SebaS,17084,6643,0626216625354986,2015-11-11
#29922Y2CJ,aadesh don,294862,6620,0626942764125404,2013-9-12
#98CP90GJ9,~Slush~,225915,6614,0626802290165391,2012-11-12
#QP022PLJV,Memati｜河马,287817,6600,0626625075171767,2015-11-11
#22UCVR0CL,<c6>Rodrisツ,117582,6600,0626323260153903,2012-11-12
#RC8RP882,MY NAME IS …™,294684,6600,0626887952563736,2012-11-12
#22Y89Q0LU,EA Rodrisツ✨,239861,6600,0626804920669875,2015-11-11
#82UCYLQG,HK I Dez™文易,288918,6584,0626081634884955,2013-9-12
#8UL0P8LQ,SSG | HBG,101095,6411,0626642497347214,2011-10-12
#GY9Y8GLG,The Stig,230111,6251,0626679569804896,2013-9-12
#UR8L82JQ,Max™,50534,7212,0626813766752976,2013-9-12
#2CQG98PP0,OneVENPERS™,197100,7166,0626335366541278,2011-10-12
#2L0V2YQUY,⚡Mauricio R⚡™,241149,7112,0626207969516751,2013-9-12
#J999R29J,OneSηιρєzᴳᵒᵈ,230886,7085,0626957318985459,2012-11-12
#2Q8RJGPVV,B.Alex,225423,7051,0626780343498516,2012-11-12
#Q9GV0Y8Y,Luis❤️Balloon,21651,7029,0626897818549068,2015-11-11
#20L8Y9QY,⭐WEN⭐,79038,7014,0626733119812576,2012-11-12
#298G9YQ02,❤rortiz❤,235232,7011,0626957552070109,2011-10-12
#R9U2J8CR,奈落丨Sʀ.Bᴇᴛᴛᴏ™,44519,6965,0626388588862535,2011-10-12
#9QULGU02,IIAlfaXII,78671,6853,0626907535320741,2013-9-12
#LY00J89PJ,出泥 Aspect,282264,6847,0626528311805174,2011-10-12
#28QJJ8YUR,武士 HUI 熔岩 王,8630,6843,0626256456789850,2012-11-12
#9RG0VPUVY,batan,73583,6814,0626115541106563,2011-10-12
#8P00CJGY,Raymundo,189541,6760,0626151858809135,2012-11-12
#YG2GY9QU,Jefe Maestro,49684,6751,0626706102479710,2012-11-12
#UCC2PLP8,rogerelangelito,114628,6738,0626919993582597,2013-9-12
#P29YGR98,Rycky25m,212355,6733,0626318295732374,2013-9-12
#VCUYGG8J,Trainer Guitar™,149735,6733,0626074159083533,2015-11-11
#98CPJ2PQ,Eddy11,146844,6721,0626034289781604,2011-10-12
#2U0JJQQYY,ForGiveMe™,64694,6713,0626987133084410,2013-9-12
#CL2V9U00,TG I ♠️Jeroo♠️,50380,6709,0626936167485902,2015-11-11
#YP2YJJJ2,Skoogs,3038,6705,0626322774963559,2013-9-12
#8LCYR90LP,TL Ozymandias,294301,6705,0626533015758059,2013-9-12
#2GVLPR28L,anseki,284156,6697,0626241373811433,2013-9-12
#28Y2V0C,ĞĂBŘÎËL❤22,142386,6691,0626378701615639,2015-11-11
#2Y8LPPUG8,Kira❤️BaiT,118931,6677,0626877100688048,2012-11-12
#G2YGPR8R,franker20,131400,6661,0626560401467201,2011-10-12
#80U90RGV,JORGE CEJA,274953,6653,0626864615000174,2011-10-12
#L2UR0Y0J,⚡Master°X™⚡©®,69071,6643,0626698745617386,2015-11-11
#8GLQ9G0RG,Jaime,149946,6641,0626320248963916,2013-9-12
#2Y0PV0VYP,⚡Dark Bait⚡,96115,6606,0626702705802697,2012-11-12
#J9V28UL9,TL Cachito07,225198,6603,0626199228632620,2013-9-12
#8QPYVCL,BABO,72831,6598,0626307987300681,2011-10-12
#92JCC8JUC,Tony,78619,6525,0626227922042190,2012-11-12
#8PCCYQVG,⚡️Sir Alfred⚡️,206109,6515,0626481088740101,2015-11-11
#YLUY9YQ0,⭐julianoxx1717⭐,217838,6508,0626555424659446,2013-9-12
#20RJCRLL9,GalloMuerto,124467,6493,0626034274010696,2012-11-12
#U298CV9U,Akinn,72286,6448,0626655353297851,2012-11-12
#9RGQJ8JUP,✨™Waxy-E I 魔鬼ッ✨,78510,6420,0626028400273087,2012-11-12
#92P8RR8LP,C̸R̸♡︎S̶E̶I̶K̶♡,204157,6417,0626836448135187,2012-11-12
#80U2Q9C9Q,TL JARAMILLO,138309,6380,0626842735262304,2011-10-12
#9V2V2VP,Leo :3,275571,6310,0626486298766614,2015-11-11
#20RGU0LG0,LaTin KinG,180348,6280,0626373008191459,2015-11-11
#2Q9VJQL8U,dios invencible,51322,6273,0626813461987992,2012-11-12
#299VP2C98,TL IVAN,48646,6217,0626732541459097,2012-11-12
#UUQQJ2U0,TL ♡Richard JR♡,154331,6201,0626153494781413,2011-10-12
#80UL9QQLY,TL⚡ADAN♥️LB,231850,6170,0626831280862865,2012-11-12
#8JG820YQG,TL ♡Richard JR♡,26214,6110,0626199558411264,2013-9-12
#8R9YJYRYG,Joel Ar,96435,5870,0626424696591342,2011-10-12
#LLGPYL2G,Carl the Legend,164150,7566,0626659326762876,2012-11-12
#PV2GC0CYP,AKS I BO$$,269067,7096,0626104500227305,2015-11-11
#P0VC8PJR,AGoodName✨,207296,7042,0626345024772645,2012-11-12
#2CQ0LU9V,TimTim,122566,6992,0626416876674930,2013-9-12
#2Y0C2V0JG,Kate,267210,6900,0626032831435232,2011-10-12
#2PURUJPQ,YO-YA,162180,6837,0626501764201068,2013-9-12
#89U2UCQVQ,Lex-Knedel (YT),180958,6824,0626150494407320,2012-11-12
#VGR9CL0G,*L*O*R*D*,252745,6810,0626868393116342,2015-11-11
#20JV0JLGQ,Andrés Fabián ⭐,197932,6803,0626464071735080,2012-11-12
#G8Q8C08,SoRuthlessss✌️,253424,6785,0626670549961682,2011-10-12
#JUUQ99U0,nath ㊗️,243434,6781,0626673050589637,2013-9-12
#J8J0Q20Y,IceJJfish,241765,6770,0626535571364438,2015-11-11
#PC99QUQ,Perga,10095,6756,0626236446303574,2015-11-11
#UG8YP2YU,❤️Josh❤️,73501,6753,0626441001845072,2015-11-11
#29Y8YPVLV,Enrik,292246,6750,0626444725185460,2015-11-11
#8PCGQPV9P,joshL,133272,6749,0626917918566646,2015-11-11
#2LR9YP02G,Art the Legend,67974,6741,0626681535769617,2013-9-12
#28LGJ8RUR,Ktown⚡️iwnl,101299,6727,0626304594797805,2015-11-11
#YU9C2UGL,hamid,82110,6727,0626500474742924,2013-9-12
#PCPGJ8J0,G6MAN95,191077,6715,0626995529943255,2012-11-12
#ULULJC0C,@iLyas ™️,192759,6705,0626600558375540,2012-11-12
#UVL9V8RV,A™️Light難,223925,6694,0626665898702117,2012-11-12
#28LUR080P,S☆R DarkSoldier,150681,6686,0626442361137266,2011-10-12
#PG9CR2RC,Unknōwn⚜️Her0,184870,6669,0626927161051626,2012-11-12
#PY2V22VP8,Alexandra❤Luis,87071,6664,0626353562406519,2013-9-12
#PG0PLRC,Bryce,133440,6644,0626547218573545,2015-11-11
#8QVUVRVRG,<c5>Mrpoison✨,158107,6633,0626140459180475,2013-9-12
#VVQ9GU,-Miami54,75388,6632,0626543559101053,2013-9-12
#2J2LVPY9L,LoveSick,158300,6629,0626603121727502,2012-11-12
#QVQPJCQR,MadGrit,21424,6616,0626189016408150,2012-11-12
#JQGP99VG,Stompz,172522,6608,0626016832326375,2011-10-12
#8V0222YG,L E S ▄︻̷̿┻̿═━一,134023,6602,0626410609918219,2011-10-12
#8QCRLCLG,JMOD,56794,6571,0626228894621292,2013-9-12
#99GJ9LC0P,Shadow12,96098,6571,0626957245894196,2015-11-11
#PCC2V0CV2,ひろすけ,111419,6561,0626173871295514,2013-9-12
#9P2LCUPU,Bryaant,217233,6545,0626344611370061,2013-9-12
#QYJQQV2V,Lupus Arcticus,243581,6544,0626270078962308,2012-11-12
#28JUC20P,Fabi❤Cycle,50772,6523,0626583305783705,2013-9-12
#PYVLQYR8V,en0,167177,6502,0626099884854791,2015-11-11
#8RVQVVV2,AKS I ʍⱭԵԵ,201668,6456,0626883092497794,2015-11-11
#P8C8JRV,Barbarian King,10280,6370,0626216375092794,2011-10-12
#V2PYVG8R,Fernando0535,6537,6286,0626802391710491,2011-10-12
#9L2GV8VUC,Cayden,85681,6254,0626252606141605,2015-11-11
#2JRYRPL8,BL I Zach,223612,6083,0626013341592696,2015-11-11
#2J08RPLQ8,Messiah,265096,6067,0626485255775469,2013-9-12
#9JCVVGU9P,Uchiha Isie,56041,6064,0626559201421715,2015-11-11
#2929RVQQY,The Bo$$,274604,5989,0626885066513613,2011-10-12
#2UGR22RCP,GamingWithCivYT,21655,5346,0626761798643889,2012-11-12
#LQJUP2VUG,Pain,257057,5292,0626231027046734,2012-11-12
#LQ2LRL29,broken™️,235940,7405,0626332174429960,2013-9-12
#8Y9VPLLYC,UA I Okok,165130,7109,0626587953444981,2015-11-11
#2GL2RUJL,UA I Neo,69449,7108,0626542448014139,2012-11-12
#9CUUU99,UA✌️Hirntot✌️,143378,7082,0626318014277040,2015-11-11
#JLCJCUPJ,Kratus,64567,7073,0626952163108257,2011-10-12
#VPC9RRQ,Alexis,274183,7070,0626589747905350,2013-9-12
#8ULGU0QG9,Beta JD,31469,7026,0626136472396015,2012-11-12
#PYR9GLQU0,ᴄʜʀɪs̶ɪs̶ɢᴏᴅ,122727,7017,0626293340917504,2011-10-12
#JUVVY0LU,10 GamefreakTV,133543,7012,0626009138057042,2012-11-12
#YG2UVPPRQ,Smoked,183309,6928,0626230186504624,2013-9-12
#P2CYLRU9,UA I Hyper,205333,6869,0626120800344723,2011-10-12
#2JCGGRPC,Java,48763,6829,0626119488208085,2011-10-12
#8GG92RQUG,Eragon,288458,6808,0626909999225036,2015-11-11
#2G8Q8RCQ8,UA I Nico,243207,6806,0626167651396641,2011-10-12
#2V2PUPJ0,UA l Rob,282370,6797,0626458282076623,2015-11-11
#8Y82QU8JU,UA | HansE,125640,6787,0626426925745458,2013-9-12
#29UJ9Q99,UA I Lime,84966,6760,0626087121646674,2012-11-12
#9LUQPG2Y,UA I Viole,157468,6754,0626260924123445,2013-9-12
#209GRYYL0,CR,16591,6730,0626858557204836,2013-9-12
#GGLRL0,Ulti,127341,6719,0626695041751547,2011-10-12
#CJCR98C,UA I Banana,177809,6694,0626842559162358,2012-11-12
#LCJ92UQJ,UA I Itachi,133648,6675,0626821456145096,2013-9-12
#8YRJ0928,死の天使✨marvッ,140360,6675,0626458714820358,2013-9-12
#2J00PG8U2,Laurell,166139,6673,0626265767299913,2013-9-12
#828L9RJG,UA I Joker,217943,6661,0626772683358160,2013-9-12
#QGLQC2YYG,lciop,231827,6638,0626422321020984,2011-10-12
#C82Q9U,Stavinator,178296,6637,0626675338573010,2011-10-12
#CYYVYRY,UA KÖNIK King,145915,6631,0626001046924579,2011-10-12
#82G9G90Y9,BabeRuth,185594,6628,0626103160677791,2012-11-12
#PU2YY8,⚜️Renox™⚜️,79748,6625,0626401844093074,2015-11-11
#90VRUJLY,UA I Luca,136832,6624,0626654055186538,2011-10-12
#2PCYY2QCP,UA I Walter,57983,6617,0626590276583402,2015-11-11
#PP2GQ88U,UA I Stefan,88436,6605,0626277018960433,2011-10-12
#P0JRRJLYV,UA I Crizzy,296454,6593,0626231217405567,2011-10-12
#2PJQ0U9U,SK Maarc,128195,6585,0626107228666159,2011-10-12
#888ULGY,ShingShangShung,168612,6489,0626669301921660,2015-11-11
#2L0CR9C0,Florian,39608,6486,0626235836394565,2012-11-12
#2CR88V0,IOKNA,84028,6455,0626356951482413,2015-11-11
#892P2JPGY,UA I Okok Jr,7486,6442,0626830698345984,2012-11-12
#9VQQ99Y8,Kagara,88545,6425,0626282859021907,2012-11-12
#8R2U80VY,SS I Greekfreak,112694,6414,0626284816502946,2013-9-12
#89UP8GG8L,Kaikan✨,10404,6406,0626923637469633,2015-11-11
#QYVJGPJY,UA I justforfun,229301,6386,0626307373485070,2012-11-12
#GQVLJ2U9,UA | Noobz,235374,6306,0626418295872749,2011-10-12
#CC2C8PQ,Tobinator,215613,6302,0626973927898868,2015-11-11
#J98092U9,UA✌️Bob✌️,20398,6272,0626703395184008,2015-11-11
#29VQ2G8G,《《LUC!FER》》,267048,6147,0626435605429176,2012-11-12
#90LUGG9GJ,BIG DADDY,256820,5991,0626313373860833,2013-9-12
#9JPQJPU9J,☠️B҉O҉S҉S҉☠️,264410,7313,0626446587478826,2011-10-12
#L8U8RC8G,Big Dervish,255128,7120,0626795904543161,2011-10-12
#2L9VVLUR,LAIZØ™,172645,7107,0626601060738787,2015-11-11
#8YRYV80,Vins,75373,7106,0626017014116931,2015-11-11
#GG8UC0CP,10骗DavideRooney,5855,7097,0626690509408920,2015-11-11
#9YGJG8LP,⚡Itz_MaTTeO ™⚡,7271,7062,0626730553433067,2011-10-12
#9UVJP08QR,⚡Amaterasu⚡,272311,7050,0626338696616117,2015-11-11
#9Q8QUCUC,DCsystem Twitch,205656,7002,0626467886559330,2011-10-12
#CY82QGYV,AKA Leone,90368,6906,0626045998868250,2013-9-12
#2P0PQCVPC,Alperen,94692,6865,0626092825544779,2012-11-12
#2RCPG208L,abdojudo,170877,6855,0626351345558572,2015-11-11
#80V0290C8,왕자 Jean Light✨,30491,6808,0626875243922670,2013-9-12
#Y0C2RQ0U,Don Matteo,149910,6794,0626589707043556,2015-11-11
#GUJ2PLG89,Damp,90864,6788,0626832725369615,2012-11-12
#R99YPV2Y,daviz,194229,6749,0626323306301813,2011-10-12
#UY900V,Soufiane,281397,6721,0626880219001657,2012-11-12
#889982CQY,mosters haunter,141926,6721,0626736996622992,2013-9-12
#P98828PU,Giuslay,47525,6713,0626179787235031,2012-11-12
#VR29JCCG,^-^,8118,6703,0626177653409326,2015-11-11
#PLLC2VG,Maestro Muten,32159,6701,0626589262855816,2012-11-12
#29VGUQL00,WOLF98 KILLER X,94620,6701,0626712675017564,2012-11-12
#2C2C2PGQ,⭐️MATTEO⭐️,198091,6668,0626539925727373,2012-11-12
#9C2YV2RQ,Myod❤️Katrin,209789,6633,0626508727346690,2015-11-11
#8QYYRUUC9,c270868399,46302,6633,0626254814158322,2012-11-12
#GVPVJQR,ナイキ丨Alby✨,93392,6622,0626630916771056,2011-10-12
#8VYJP8Q0,Imhotep.™,118580,6606,0626979958150558,2013-9-12
#2RUJ929U0,꧁ঔৣនᎥℭᎯℜᎥØঔৣ꧂,143871,6606,0626626490878812,2015-11-11
#YC9GR0RGQ,bazaar,114697,6599,0626941838121407,2015-11-11
#RPJG28Q,OS ⚔️⭐MAU⭐⚔️,229419,6590,0626528739937963,2011-10-12
#8P28UP0J8,QLASH Ricky,168565,6569,0626877822744061,2011-10-12
#LP8YG2RP,小野兽roschak,281406,6559,0626145664177588,2013-9-12
#PRCV0JUU,Dreamyboi,52849,6557,0626212713357213,2011-10-12
#2RPQJYQ9,QLASH CriGio,105443,6515,0626892339896080,2012-11-12
#9V0PQY2YG,cremaludo,114209,6515,0626762202599162,2015-11-11
#PPRPJCYV,⚡️ Anto99 ⚡️,170391,6511,0626298650480126,2015-11-11
#2L88CU2V,alexus,51921,6492,0626531875430124,2013-9-12
#20J8VCV2Q,⚡️THOMAS⚡️,64322,6468,0626831074807316,2015-11-11
#UY99QLQU,Cody Travers™,179971,6449,0626780793149197,2011-10-12
#8RRJCVQR,Federico,30104,6431,0626513880411612,2011-10-12
#8Q80QY,Laxaretor,205971,6420,0626101247358070,2012-11-12
#8UQVQ02G,Matt Light,248933,6420,0626804691410558,2015-11-11
#2Y0VLG8RY,⚠️Winston Blu⚠️,142072,6365,0626272519525793,2011-10-12
#2V9LQ2YUG,Kingslayer,18350,6317,0626527664838949,2011-10-12
#PGY2YV2G,TiScafazzO,193021,6312,0626965035935822,2013-9-12
#8P9JYRLL,MonkeyNinjaTsu,280832,6231,0626030302320032,2013-9-12
#89V2YVQQ9,zAkshayy,24838,6179,0626884773444923,2013-9-12
#VC2L0QPU,SHAZiNATOR,297980,6134,0626595225872376,2012-11-12
#LVC20V9L,彡OήeSh͢☢️t AlᎥ彡,77430,7430,0626385310319321,2015-11-11
#8UYPP8CL9,KING AMIR,123423,7142,0626466026902319,2012-11-12
#2QCLLQ2G,Amir,64189,7087,0626163449038991,2012-11-12
#GRY2909Q,majid ss,299816,7062,0626340476394253,2015-11-11
#Q89VPVUP8,.mąđ♡;bøý*,137913,7006,0626425541874023,2013-9-12
#RGJCUQ8R,Nova I Arad™️,115623,6949,0626577982427925,2013-9-12
#Q0CVCRQR,soheil,46729,6907,0626219508375417,2011-10-12
#28Q0YRYU9,Alireza,190063,6896,0626976122821411,2013-9-12
#89RPQ9PP9,Sina❤Lava,294581,6852,0626509472477466,2011-10-12
#YYYJQ9JPR,kilian,27130,6827,0626910229530658,2011-10-12
#VPP9CQV,Mohammadreza,268849,6809,0626799399003376,2013-9-12
#PCVRVLJCU,MK,215833,6803,0626874151089234,2013-9-12
#CQG8R8UV,Emperor,72414,6774,0626320405066107,2011-10-12
#8YQ99CQVC,Arian,890,6745,0626621950612546,2012-11-12
#PC0YY98G,bigbag,72495,6737,0626398591574142,2015-11-11
#Y8LRYYQQY,shadow-fiend,21543,6724,0626384135592659,2012-11-12
#CC2C2VV0,pätron♡go!em,294420,6723,0626105195223061,2015-11-11
#9CUYY8,Mahdi_Royale,248165,6716,0626067849866952,2015-11-11
#YVJR998QC,✌️kingmahdi™✌️,165164,6696,0626595065890801,2011-10-12
#82YYVJYPG,عرشیا,218793,6695,0626782221518662,2013-9-12
#URL0222L,⚡รԋԹԃԾฬբเηԃ⚡,47405,6694,0626237071865911,2012-11-12
#PJLCL9YUQ,The Viper™❄,100190,6666,0626587135258044,2013-9-12
#GJJ2Y098J,★Mamad★B¹★,217783,6662,0626786647528171,2011-10-12
#YLRU2LLYP,5>En3mY,294252,6632,0626931822105607,2011-10-12
#8R8CY9G0,ramin,295298,6609,0626878507552183,2015-11-11
#JQ8C0P,Ehsan_turk,143276,6609,0626243828182527,2013-9-12
#8PGR0RPCU,ERFAN,110434,6608,0626659408571146,2015-11-11
#2JUP20J9,HIDDEN,285200,6607,0626464987924661,2015-11-11
#JVJGJLVC,"I'm loss",252723,6602,0626163562487322,2015-11-11
#28QPY8JRY,GanTzX®,298428,6600,0626914248671741,2015-11-11
#PJ2JVLY29,♥️『CHN』◆Ｔａｋｕ◆✨,129402,6550,0626342574019543,2015-11-11
#RGVRQU,Mr.Maytham™,77976,6519,0626433008764729,2015-11-11
#J9LRGUJ2,Mehran.K,77368,6513,0626311079038597,2015-11-11
#YRRLCVR9Y,STARK,72002,6483,0626044201483825,2015-11-11
#988RL92U,Xx IMMORTALE xX,187073,6457,0626135613069051,2012-11-12
#YL9CCGU2V,javad saeedi,138203,6414,0626508716634122,2015-11-11
#Y9Q2LQJ,raha,252837,6405,0626791032104372,2012-11-12
#G9GJYYJPU,HADICR7,211805,6400,0626569203310972,2013-9-12
#L0L9VJLG9,⭐ⱠØ₦ɆⱠ¥ ɃØ¥ ⭐,13321,6397,0626004138375510,2012-11-12
#LGC80RQP,saeed,256983,6387,0626605623090453,2013-9-12
#LJYU90R9Y,"""MILAD.FANTOM""",60472,6338,0626398314960412,2011-10-12
#P99PJP8Y2,【Y】【A】【S】【I】【N】,66616,6312,0626088167347631,2013-9-12
#GY2VG2U0,♤MOH@MM@D♤,257199,6306,0626624260383063,2013-9-12
#GLLCVJJP,sahar #1,199013,5976,0626004650602952,2013-9-12
#QGCLQLYJV,sepide,3106,5683,0626208198980826,2011-10-12
#8L2GRYJ0P,s.h.r,32140,5184,0626972632116095,2013-9-12
#22PL82RRU,⭐NS 뮤츠™⭐,19953,7358,0626445521294539,2015-11-11
#2QCR9L9P2,NSㅣPPaSonG☘,4295,7225,0626162573821743,2012-11-12
#2Y20C8U0C,Jessie,224752,7106,0626187849879936,2011-10-12
#8PP0Y8J2,오웬,181379,7100,0626832105465512,2012-11-12
#UUQ9ULJG,메로엣타.Kang,171085,6989,0626193501004946,2011-10-12
#PLGJ0LLJ,소이연,218910,6977,0626091846171893,2012-11-12
#YGU8Q29Q,White light,239254,6913,0626199671580557,2013-9-12
#P8QP0LUPV,즐겜러 jw,46423,6882,0626092262806137,2013-9-12
#QGV9QLGY,Assault☀️MIN™,140952,6850,0626786496492990,2015-11-11
#8UYL0GGU0,⭐NS I 또또⭐™️,226745,6814,0626825987818253,2015-11-11
#PGJ8QR9U,Mr.만보토끼,68727,6784,0626901101190554,2011-10-12
#89UL2CLG,레멍이,288857,6741,0626982411072146,2015-11-11
#282UV0GQG,P_Lemon,287384,6709,0626105964390562,2011-10-12
#PJG9RLQC,lsh114p,75207,6700,0626909477587105,2012-11-12
#GGVRR8V2V,무지개,209203,6693,0626821590827476,2015-11-11
#2QVPUU80L,러브하우스,90030,6680,0626861127199361,2013-9-12
#8J8JG0G0,❄️ I Winter,212223,6679,0626482044680662,2013-9-12
#9UPG92JC,Sinchu,205997,6648,0626283985647714,2011-10-12
#GCVVV8YR,⭐NS I 검무⭐™,112429,6638,0626761855367117,2013-9-12
#G82UQ9UP,⭐NS I 애증⭐™,161524,6631,0626270811933921,2011-10-12
#8UPY92GVY,WINNER✌,214244,6629,0626189222723277,2011-10-12
#U98PGQP8,⭐<c5>NS Royal⭐™,41331,6623,0626847841004623,2011-10-12
#2VQ9PRQ9Y,WELCOME,168567,6600,0626592520606799,2013-9-12
#VUUVPJUY,앗쎄힝,121442,6594,0626684738976609,2012-11-12
#U99C2JVG,kok,247551,6586,0626976161481093,2015-11-11
#LPJCPQRL,MIDKING,145753,6583,0626385085475639,2011-10-12
#2JRP8UYP,Winter_❄️,31228,6564,0626466607641534,2015-11-11
#RPYLJJ0U,Psychology2027,58797,6548,0626486807915553,2012-11-12
#28JUC89JV,신의경지2,203649,6547,0626063201303502,2012-11-12
#8VLCCYU82,지나가던이,283688,6486,0626163986453728,2011-10-12
#9Q90P0Y0,JonKim ,207658,6483,0626330030825041,2015-11-11
#8YPURJVLP,⭐NS I Asty⭐™,97895,6467,0626733433133493,2012-11-12
#2Y0QR8YCR,⭐NS I WOLF⭐™️,138126,6426,0626495093087324,2013-9-12
#88VR0GVPL,치영아빠,222627,6425,0626927612263937,2013-9-12
#98PJJGQJG,⭐️Luv_2H❤️李飛⭐️™,263739,6420,0626909218301584,2013-9-12
#2LVG2C22U,잠만보,276577,6404,0626015689019315,2012-11-12
#9P8220PUU,Infinite,3832,6384,0626314788483211,2013-9-12
#2YUQCC8YV,S900,178043,6379,0626454952215310,2015-11-11
#20JLQYG2U,"it's going down",207646,6364,0626862164534619,2013-9-12
#2J888QUGQ,메갓,97073,6315,0626419223888716,2013-9-12
#8L2URCCR0,SANDBOX no1,131321,6225,0626797217424295,2015-11-11
#2YJV8QPRL,유이진,97569,6218,0626939835715171,2012-11-12
#2YVJVGP02,MOOKUNNI,27463,6195,0626219565565710,2011-10-12
#2U02YVYVU,☦Ares☦,98095,6166,0626573345873467,2015-11-11
#2R98U2C9C,ＤＲＥＡＭＥＲ✡,135533,6154,0626086375689745,2013-9-12
#YJ8R2Y9L,Ethan kim,237431,6096,0626273937979232,2012-11-12
#2QQCULG2V,❤Perfekt❤,259055,7314,0626776017210534,2011-10-12
#QQLVULY,⭐LelOP⭐,67898,7147,0626516647803294,2013-9-12
#9PRCYU8U,ER♠️snoop⚡,158217,7140,0626735038784208,2012-11-12
#QUJR89R,stan❤️熔岩,176768,7068,0626919931614254,2011-10-12
#LVRUV8YV,UD I Royal,237033,7051,0626612041925187,2012-11-12
#2828UJVPG,UD I Prime,3352,7039,0626497869306870,2012-11-12
#G0YYJGG,Roronoa Zoro,284444,6913,0626072114028536,2013-9-12
#2UY8GVQ2,BARON,288150,6900,0626266355504003,2011-10-12
#8YRGR00G,²SK³icy❤moqx,183171,6880,0626981301373358,2011-10-12
#89JV98089,Dombrineとお,211770,6855,0626321773029354,2012-11-12
#YQCL8VRL,Jason™️,78784,6814,0626635640283948,2012-11-12
#R8GRU8YP2,UD l Maxim✨,84250,6796,0626741652852123,2013-9-12
#R0PCJLYV8,Mad☄️Cobra,214837,6794,0626138764217297,2013-9-12
#PY2CLV2L,UD I Tolga,120637,6779,0626395378517310,2012-11-12
#PJY90J9VL,✴MisterMo✴,104573,6768,0626816998416781,2011-10-12
#9QC2Y0J8,thinksherado,131077,6765,0626067232295686,2013-9-12
#8PVV28U8,Trainer跟Vigo跟,189993,6761,0626273624496771,2013-9-12
#2JJ9Y9GLQ,Syrex™⭐,289357,6729,0626791941529172,2013-9-12
#98G2RCCYY,✨Painz❤️魔像✨,20027,6728,0626074285590393,2015-11-11
#28GUPV8QG,Lumberjack❤️氣球,267677,6719,0626677592984768,2013-9-12
#299JJLV8L,marlon2.0.02,181126,6675,0626568936397371,2012-11-12
#LYYQVJ0U,ye,109316,6666,0626257509858882,2013-9-12
#PJJURULY,Shanks,44353,6662,0626312641126910,2015-11-11
#LUYCUJV2,Kralle_Jr,31844,6654,0626478861773788,2011-10-12
#2YP2UJJ0U,UD I Spay,80699,6639,0626752662823152,2012-11-12
#JPQPPUJ,❄Cr¥pToN❄,103856,6629,0626821586386404,2011-10-12
#2VP8Q2PU9,NR I Djo,228975,6627,0626658808359003,2011-10-12
#80VGYGQL,UD I Never hot,44171,6575,0626838043404497,2011-10-12
#2PVJQC8Y,Percy Jackson,38021,6555,0626562144568121,2012-11-12
#P89RY20Q,Retribution™︎,152595,6512,0626064915498265,2012-11-12
#8UV990YU,STG GodlyNoob,117844,6501,0626943689114341,2011-10-12
#YPCVU2UQ,The Godfather™️,68451,6478,0626126519300153,2015-11-11
#L8JQ8JL2,EJ I SURRENDER,202845,6473,0626171093237249,2015-11-11
#UUY9VG09,★Star★,163684,6470,0626781634209372,2011-10-12
#2220RUV9Y,ViscaBarca ♥️,197037,6462,0626524494774329,2012-11-12
#YQ9QYJGP,UD I Goku,288212,6436,0626284953292400,2015-11-11
#9U0C0LRL9,UD I Dombrine✨,194593,6421,0626857291011473,2015-11-11
#9PVLCGVQ,UD I Onky,185363,6417,0626664577911446,2012-11-12
#9RLJ2CG8,SonofGodシ︎♡︎,204475,6339,0626124930904240,2015-11-11
#V29RYRCC,Pugnator,69478,6336,0626335051513236,2012-11-12
#PQGV0VCQQ,¥ Dennis ¥,250557,6319,0626342223053794,2013-9-12
#PL0G808QU,UD I Osman✨,87593,6306,0626223395027826,2011-10-12
#9RCYRP2,UD I KILLER,171359,6270,0626067307616923,2012-11-12
#98UVV0,PainFromHell,13949,6255,0626837020424684,2011-10-12
#28CGVGQQQ,UD I Amer愛,287702,6122,0626468899154515,2015-11-11
#Y2PULV0LV,Niklas F2P,219341,6020,0626764514742951,2015-11-11
#8LULYQ82Q,Jay,8341,7011,0626932244804389,2013-9-12
#8982292LY,imad,240418,7010,0626374587085096,2015-11-11
#P0RR0VQLC,shawn,180499,7000,0626875698538856,2012-11-12
#99UVLULJY,OC™️ I ⚡️Brad⚡️,260132,6968,0626464254572201,2012-11-12
#PC9JLQR,OC™ I mad-0,239275,6964,0626915610570346,2013-9-12
#222VRRYJ,Gal,53627,6963,0626977787118440,2011-10-12
#8YVGGVC8P,XxPredátoRxX,117736,6857,0626406721064916,2013-9-12
#YCLCY0R,checkhost,87792,6849,0626488131688286,2012-11-12
#8YGVPR9Y0,LaloP,230780,6812,0626738985711034,2015-11-11
#2LYPPG0Y2,OC™ I Conflict,214333,6807,0626507653225779,2012-11-12
#Q28QYVJQ,Shadow Warrior,281728,6789,0626981143583446,2011-10-12
#GPP2YLL8,Jahseh Onfroy,46713,6765,0626891970778565,2012-11-12
#9GLYYQ2L,✨Just⚡Dom✨,256173,6765,0626089911350384,2015-11-11
#92RUJ8LPP,OC™️ I Shark〽️,52824,6694,0626441404535478,2012-11-12
#90R22UVY,_FMB_,212966,6686,0626922183227676,2011-10-12
#28CVU99UQ,kunn,79657,6685,0626624653448762,2011-10-12
#2PJP8LJC,Chainsaw Man,82626,6685,0626632255389250,2015-11-11
#P8YUYYGPQ,MelonJuice龍神™️,77841,6675,0626531016281162,2011-10-12
#UP2Q8RR0,Twisi™,96848,6660,0626058425455104,2013-9-12
#8ULLYVCY9,LMT I FmOak™️,34224,6633,0626298430927750,2013-9-12
#P9L2UGPR,King Tyler,189598,6629,0626826028842641,2013-9-12
#P8YLG882L,BUTTER,264621,6624,0626701863501570,2013-9-12
#QCJQYP0C,|_$KingSquid$_|,102249,6613,0626054264743205,2015-11-11
#2PJQR28Q,<c2>C R O W,290952,6611,0626177128873502,2015-11-11
#9ULPU0QL,⭐ʟᴜᴍɪɴᴀʀʏ⭐,280822,6600,0626507656600747,2012-11-12
#JPL8QUG0,<c2>ＲＡＩＤＥＲ,263464,6600,0626532968835336,2013-9-12
#9CJP9GRY,<c2>Stellaㄓ,219226,6600,0626475504615673,2012-11-12
#LY2V9GQV9,Филип❤️SKYBOX,42899,6600,0626882810713979,2012-11-12
#PRU8Y0UQY,The PUNISHER,12689,6600,0626564990371063,2013-9-12
#2UCLC88U,Granola,70982,6566,0626253947257043,2013-9-12
#RQCUUP2,<c6>Miller,189492,6558,0626217246835346,2015-11-11
#GQPRJCUU,かみそり,137217,6556,0626473838701558,2013-9-12
#PG88RGQY8,Mm,285055,6547,0626032006127119,2015-11-11
#YG9UL29R0,Penguin!,19361,6535,0626042825725720,2011-10-12
#8GQ0P22RJ,Cruzzer,13500,6514,0626717550817533,2013-9-12
#2VJV9RR9J,ENIGMA Ary,27342,6506,0626042076632880,2012-11-12
#C9Q2VJ9,AAA,124018,6497,0626303016439699,2015-11-11
#VCVCG2YR,Doge,76513,6493,0626666014849113,2012-11-12
#8PUG0JQ9,KT24,143699,6489,0626410792280070,2012-11-12
#9GUULQJJ,SilentPunisher,95848,6332,0626224094929908,2015-11-11
#R99UYRL,COACH,216253,6296,0626272544098253,2015-11-11
#YQV28LYL,Thumaz,135881,6300,0626624073311038,2013-9-12
#98YVRUYLR,TacticalMaster,87713,6283,0626652783526249,2013-9-12
#88YPYCLCP,OC™️ I 最強《XENO》,154766,6261,0626443540185242,2011-10-12
#PLGJU82QC,ＳＡＮＡ,30535,6235,0626040769362005,2013-9-12
#2RQRQVU08,invrze™️✨,93070,6028,0626226806278185,2012-11-12
#20JYUJGPQ,RENㅣLacuna,178910,5912,0626485006908294,2011-10-12
#R8UYJ2YP,OC™ l Ms Brasil,235283,5530,0626098612751147,2011-10-12
#P2CYJ0VU,Netinho,180812,7199,0626572493359642,2011-10-12
#2PUR2R89L,Zamorano,197059,7021,0626318561893991,2012-11-12
#9QLU9UJ2R,CarlosJunior©®™,111517,7020,0626602190886090,2015-11-11
#99Q8CU,Kaique™,136834,6935,0626245005121350,2011-10-12
#2UV9020RY,rian,248433,6883,0626511727136699,2013-9-12
#8Y0VL9C,Nova I mattg,117391,6857,0626943176995012,2012-11-12
#8CC9G99PG,Storm l Sono™,80021,6841,0626078106118169,2015-11-11
#99QVP8J8Q,¥ KOND DRINKS ¥,137980,6830,0626831047592060,2013-9-12
#820PRY28P,Everson,111777,6826,0626673332908704,2011-10-12
#YVCPCRR,<c6>Freeza,49664,6747,0626953245535269,2011-10-12
#P02QYPQ8V,⚡Fernando⚡,224204,6718,0626142572954729,2015-11-11
#YYRPRU82V,ViniViniツ,288509,6693,0626281054793732,2015-11-11
#20YJGL9V,zDeadpoolz,75977,6686,0626122846612055,2015-11-11
#8JRC80YPR,Trombini,205625,6683,0626146220820802,2011-10-12
#G28V8PR,RED⭐INOUE™⭐,37794,6667,0626781988461066,2012-11-12
#PYGV2CRLJ,Ricca,171804,6663,0626799901718966,2012-11-12
#YCPC92CC,ForçaChape,21485,6661,0626725552444750,2015-11-11
#2GPVRQJG2,(-^0^-) No_Pêlo,99527,6645,0626419335762478,2011-10-12
#20CLG9VGL,☞HM©®™☜,243992,6640,0626869357589003,2012-11-12
#2LPJRU2LP,「TS」Victor H.,174801,6628,0626128930679033,2015-11-11
#9UQPRG0RU,️Samuel⏺️,64517,6628,0626497166982738,2012-11-12
#J002G8UV,Viini Faria *-*,8561,6626,0626018523440374,2011-10-12
#2VQ90LLL,Cobra Kai,68508,6624,0626703150160177,2013-9-12
#8Y9L200U,TWIGA *WIL*,214257,6620,0626477553900642,2012-11-12
#CGJ8JRCR,Dan07,72631,6614,0626500961198804,2015-11-11
#GGCQ8GQR,☇ PEDRO HAKAI ☇,290862,6611,0626671550304283,2012-11-12
#2PR09PCQY,elias900,293618,6607,0626317493714705,2015-11-11
#82RQ02YUJ,☠️PITBULL☠️,188692,6606,0626991905021287,2011-10-12
#2CCQUJJR,VITOR 911,154578,6603,0626213581678359,2015-11-11
#22U8RQ908,Rafaelckp,141360,6591,0626347365654739,2013-9-12
#P29CCURC,⚡Junior Souza⚡,284288,6575,0626460998461248,2015-11-11
#2C90R29P9,⚡Tio patinhas⚡,29848,6567,0626544678435711,2012-11-12
#8GL2CRGLR,Obsbawn,128420,6561,0626180838686412,2012-11-12
#P82UJJGLG,Artur_Br,24542,6560,0626172765078556,2015-11-11
#2PV0VYGLV,Be Happy LDN,71190,6536,0626058291318972,2011-10-12
#PLVU202JY,⚡️JASIEL_WAR⚡️,17822,6526,0626736003943282,2012-11-12
#2YLCVUYYP,Sr.Black,13561,6509,0626016459773685,2015-11-11
#GQ20CGP,Netto,244895,6506,0626822331592452,2013-9-12
#8YYYUVRQ,iBrisa,233496,6482,0626296962526495,2012-11-12
#9YPJY2GU2,LDN✨Pizzo™️,232306,6465,0626191347635352,2015-11-11
#GJCC29PC,Luan_Rocha,147312,6433,0626821872573129,2012-11-12
#29VLJP0UC,⚡ROTTWEILER⚡,231250,6433,0626070574942329,2015-11-11
#PQR90RV9C,El BICHO,97257,6425,0626912418626305,2015-11-11
#8QR8V08YG,SAO I Kirito™,57321,6406,0626761011770550,2011-10-12
#8UYL0PPJ,Marmitt,166684,6401,0626045011532065,2011-10-12
#CJJVYY28,Vinícius Awen,196507,6374,0626350749770858,2015-11-11
#PCRRYUQ88,leonardo,24534,6358,0626060276047295,2013-9-12
#28QV090VL,Fredson,238883,6221,0626008783990630,2013-9-12
#9CCL0VU,alef ic⭐ER™,59156,7324,0626498932285729,2011-10-12
#U890Q9UQ,SUB-ZERO,126456,7265,0626565880048539,2011-10-12
#8GP2YJCL9,Bruno Ferreira,102076,7206,0626806205922754,2012-11-12
#2GLLJ9QY,kauan,158543,7068,0626178061649800,2015-11-11
#2UJP2U2UP,ȶɦ°ֆ.ɛ.ք™ッ,134583,6892,0626628829094400,2011-10-12
#202C2CU0U,⚡Manoel⚡,126481,6869,0626381901632479,2011-10-12
#8Y0LC0L08,KN777™ ¥,89974,6852,0626963310871903,2015-11-11
#9VY020RQV,Igor Felipe,207374,6822,0626794239311410,2012-11-12
#8YULR0QR,DonaldDuck,52992,6818,0626336609366010,2013-9-12
#QJU0P2JJP,Jonhツ,75150,6803,0626647382549279,2012-11-12
#VRYV8QGQ,ImT™ I VORTEX,202376,6780,0626647739837484,2012-11-12
#RPRL02JQ,pedrin,257135,6720,0626068289668254,2012-11-12
#YYC9U9JUV,「ᴄᴍʙ」Clécio,45441,6718,0626471994734447,2013-9-12
#RRCUL00,ßŘÜŃØ,170338,6707,0626336974148878,2011-10-12
#89QYQL20G,「BTR」✌️RAFAELツ,274273,6653,0626399172719239,2011-10-12
#2P2PCQ0JL,ωє®мєsσηツ,54586,6651,0626434551444941,2011-10-12
#2G9PQUGY,Dark I Link,101311,6648,0626456082042647,2011-10-12
#9Y9Y80,⚡J₳M€S⚡™ツ,159493,6619,0626665842274015,2011-10-12
#2JJGRPVPL,Gabriel,14992,6617,0626506543586978,2013-9-12
#8QCLQQCVL,ALMIR DELAS ⚡️,17672,6601,0626137038138123,2015-11-11
#2VRYG0GQJ,"""Édínhöッ™",142058,6540,0626575251457722,2012-11-12
#Y202YVUU,Dieguinho,22752,6516,0626538821695528,2013-9-12
#2PCRV0QPY,Bruguelo,111751,6430,0626156363392816,2013-9-12
#828200G2P,Victor FeshowBR,6671,6426,0626826835972813,2011-10-12
#80J0P829U,VK I Ragnar,196887,6402,0626547264429824,2015-11-11
#2VC0RUVVR,Bruno Br,81377,6394,0626247520934531,2012-11-12
#9QR0Q2YYC,DOM ㄴㅌㅇㄲ,115812,6371,0626197703392843,2012-11-12
#228J88L89,BUBBA☠️,81820,6339,0626226617558775,2013-9-12
#C9C0R0V8,「ᴄᴍʙ」ᗬѧηḯεʟ❗️,127260,6327,0626303535515003,2012-11-12
#92J8VQRJ9,jujuba,185007,6325,0626996626257466,2012-11-12
#UJVJJ0LU,⚡NK I GBNZ;⚡,281249,6312,0626795906259501,2012-11-12
#22JY90CP0,Martin™,143449,6311,0626065512286813,2015-11-11
#22GYRRYLJ,「ᴄᴍʙ」 anthero,223048,6289,0626341697926717,2011-10-12
#8PRGRYPCC,Afonsojr,27415,6274,0626460630040426,2015-11-11
#8Y9QVU2QJ,AŁ€X̷$ᴀͶD̷ŘØ,204890,6213,0626412285605011,2012-11-12
#8YGR88JJC,RhamonGB,101838,6211,0626870128994506,2013-9-12
#L8YQLYV2,「ᴄᴍʙ」Dronov,261148,6210,0626524830236140,2012-11-12
#2JGRPU928,"It's GabeCrmsツ",77156,6159,0626656064893301,2015-11-11
#82R8VJGGR,⚡HAKAI⚡,22039,6136,0626193067728821,2013-9-12
#2CVLVGVRL,Avengers,167939,6093,0626850520773872,2013-9-12
#2Y8CJ2LJC,AVG l DucsJr™,201898,6074,0626880129373485,2012-11-12
#92LRGLQ2C,RaioVeloz,49646,6061,0626068632094802,2015-11-11
#PJUJCVUR,Extreme,220725,6044,0626972663743049,2012-11-12
#8VLJPL8L2,★SHADHOW★,90756,6039,0626819987467344,2011-10-12
#2CRQQ2CVP,☠️OUT☠️Reex☠️,224616,6037,0626228953045482,2013-9-12
#80LPYLGC,Dirso☠️,214761,6019,0626530968421545,2012-11-12
#VQ29UYYY,「ᴄᴍʙ」⚔️ ҜᎥηɠ ⚔️,92885,6014,0626706783075100,2013-9-12
#LR89LRRVJ,Kleber,187229,5758,0626735994721327,2012-11-12
#YLRVGPJP,VK I Aslam,73233,5732,0626674132267044,2015-11-11
#8L200J88G,「ᴄᴍʙ」MarcosCEC,39166,5706,0626552385494103,2012-11-12
